<?xml version="1.0" encoding="UTF-8"?>
<Dashboard xmlns="http://soap.sforce.com/2006/04/metadata">
    <backgroundEndColor>#FFFFFF</backgroundEndColor>
    <backgroundFadeDirection>Diagonal</backgroundFadeDirection>
    <backgroundStartColor>#FFFFFF</backgroundStartColor>
    <chartTheme>light</chartTheme>
    <colorPalette>unity</colorPalette>
    <dashboardChartTheme>light</dashboardChartTheme>
    <dashboardColorPalette>unity</dashboardColorPalette>
    <dashboardGridLayout>
        <dashboardGridComponents>
            <colSpan>3</colSpan>
            <columnIndex>0</columnIndex>
            <dashboardComponent>
                <autoselectColumnsFromReport>false</autoselectColumnsFromReport>
                <chartAxisRange>Auto</chartAxisRange>
                <chartSummary>
                    <axisBinding>y</axisBinding>
                    <column>FORMULA1</column>
                </chartSummary>
                <componentType>BarGrouped</componentType>
                <displayUnits>Auto</displayUnits>
                <drillEnabled>false</drillEnabled>
                <drillToDetailEnabled>false</drillToDetailEnabled>
                <enableHover>false</enableHover>
                <expandOthers>false</expandOthers>
                <groupingColumn>CREATED</groupingColumn>
                <groupingColumn>STATUS</groupingColumn>
                <header>Inbound Lead Distribution Today</header>
                <legendPosition>Right</legendPosition>
                <report>Sales_Management/Inbound_Lead_Distribution_Today_ZoX</report>
                <showPercentage>false</showPercentage>
                <showValues>true</showValues>
                <sortBy>RowValueDescending</sortBy>
                <useReportChart>false</useReportChart>
            </dashboardComponent>
            <rowIndex>0</rowIndex>
            <rowSpan>4</rowSpan>
        </dashboardGridComponents>
        <dashboardGridComponents>
            <colSpan>3</colSpan>
            <columnIndex>3</columnIndex>
            <dashboardComponent>
                <autoselectColumnsFromReport>false</autoselectColumnsFromReport>
                <chartAxisRange>Auto</chartAxisRange>
                <chartSummary>
                    <axisBinding>y</axisBinding>
                    <column>RowCount</column>
                </chartSummary>
                <componentType>Donut</componentType>
                <decimalPrecision>-1</decimalPrecision>
                <displayUnits>Auto</displayUnits>
                <drillEnabled>false</drillEnabled>
                <drillToDetailEnabled>false</drillToDetailEnabled>
                <enableHover>false</enableHover>
                <expandOthers>false</expandOthers>
                <groupingColumn>CREATED</groupingColumn>
                <header>Inbound Lead Distribution Today</header>
                <legendPosition>Right</legendPosition>
                <report>Sales_Management/Inbound_Lead_Distribution_Today_ZoX</report>
                <showPercentage>false</showPercentage>
                <showTotal>true</showTotal>
                <showValues>true</showValues>
                <sortBy>RowValueDescending</sortBy>
                <useReportChart>false</useReportChart>
            </dashboardComponent>
            <rowIndex>0</rowIndex>
            <rowSpan>4</rowSpan>
        </dashboardGridComponents>
        <dashboardGridComponents>
            <colSpan>3</colSpan>
            <columnIndex>6</columnIndex>
            <dashboardComponent>
                <autoselectColumnsFromReport>false</autoselectColumnsFromReport>
                <chartAxisRange>Auto</chartAxisRange>
                <chartSummary>
                    <axisBinding>y</axisBinding>
                    <column>RowCount</column>
                </chartSummary>
                <componentType>BarGrouped</componentType>
                <decimalPrecision>-1</decimalPrecision>
                <displayUnits>Auto</displayUnits>
                <drillEnabled>false</drillEnabled>
                <drillToDetailEnabled>false</drillToDetailEnabled>
                <enableHover>false</enableHover>
                <expandOthers>false</expandOthers>
                <groupingColumn>CREATED</groupingColumn>
                <groupingColumn>STATUS</groupingColumn>
                <header>Inbound Lead Distribution Yesterday</header>
                <legendPosition>Right</legendPosition>
                <report>Sales_Management/Inbound_Lead_Distribution_Yesterday_Z7A</report>
                <showPercentage>false</showPercentage>
                <showValues>true</showValues>
                <sortBy>RowValueDescending</sortBy>
                <useReportChart>false</useReportChart>
            </dashboardComponent>
            <rowIndex>0</rowIndex>
            <rowSpan>4</rowSpan>
        </dashboardGridComponents>
        <dashboardGridComponents>
            <colSpan>3</colSpan>
            <columnIndex>0</columnIndex>
            <dashboardComponent>
                <autoselectColumnsFromReport>false</autoselectColumnsFromReport>
                <chartAxisRange>Auto</chartAxisRange>
                <chartSummary>
                    <axisBinding>y</axisBinding>
                    <column>FORMULA1</column>
                </chartSummary>
                <componentType>BarGrouped</componentType>
                <displayUnits>Auto</displayUnits>
                <drillEnabled>false</drillEnabled>
                <drillToDetailEnabled>false</drillToDetailEnabled>
                <enableHover>false</enableHover>
                <expandOthers>false</expandOthers>
                <groupingColumn>CREATED</groupingColumn>
                <groupingColumn>STATUS</groupingColumn>
                <header>Inbound Lead Distribution this Month</header>
                <legendPosition>Right</legendPosition>
                <report>Sales_Management/Inbound_Lead_Distribution_this_Month_bG4</report>
                <showPercentage>false</showPercentage>
                <showValues>true</showValues>
                <sortBy>RowValueDescending</sortBy>
                <useReportChart>false</useReportChart>
            </dashboardComponent>
            <rowIndex>4</rowIndex>
            <rowSpan>4</rowSpan>
        </dashboardGridComponents>
        <dashboardGridComponents>
            <colSpan>3</colSpan>
            <columnIndex>3</columnIndex>
            <dashboardComponent>
                <autoselectColumnsFromReport>false</autoselectColumnsFromReport>
                <chartAxisRange>Auto</chartAxisRange>
                <chartSummary>
                    <axisBinding>y</axisBinding>
                    <column>RowCount</column>
                </chartSummary>
                <componentType>Donut</componentType>
                <decimalPrecision>-1</decimalPrecision>
                <displayUnits>Auto</displayUnits>
                <drillEnabled>false</drillEnabled>
                <drillToDetailEnabled>false</drillToDetailEnabled>
                <enableHover>false</enableHover>
                <expandOthers>false</expandOthers>
                <groupingColumn>CREATED</groupingColumn>
                <header>Inbound Lead Distribution this Month</header>
                <legendPosition>Right</legendPosition>
                <report>Sales_Management/Inbound_Lead_Distribution_this_Month_bG4</report>
                <showPercentage>false</showPercentage>
                <showTotal>true</showTotal>
                <showValues>true</showValues>
                <sortBy>RowValueDescending</sortBy>
                <useReportChart>false</useReportChart>
            </dashboardComponent>
            <rowIndex>4</rowIndex>
            <rowSpan>4</rowSpan>
        </dashboardGridComponents>
        <dashboardGridComponents>
            <colSpan>3</colSpan>
            <columnIndex>6</columnIndex>
            <dashboardComponent>
                <autoselectColumnsFromReport>true</autoselectColumnsFromReport>
                <chartAxisRange>Auto</chartAxisRange>
                <chartSummary>
                    <axisBinding>y</axisBinding>
                    <column>RowCount</column>
                </chartSummary>
                <componentType>Bar</componentType>
                <displayUnits>Auto</displayUnits>
                <drillEnabled>false</drillEnabled>
                <drillToDetailEnabled>false</drillToDetailEnabled>
                <enableHover>false</enableHover>
                <expandOthers>false</expandOthers>
                <header>Inbound Lead Distribution Last Month</header>
                <legendPosition>Right</legendPosition>
                <maxValuesDisplayed>6</maxValuesDisplayed>
                <report>Sales_Management/Inbound_Lead_Distribution_Last_Month_kBf</report>
                <showPercentage>false</showPercentage>
                <showValues>true</showValues>
                <sortBy>RowLabelAscending</sortBy>
                <useReportChart>true</useReportChart>
            </dashboardComponent>
            <rowIndex>4</rowIndex>
            <rowSpan>4</rowSpan>
        </dashboardGridComponents>
        <dashboardGridComponents>
            <colSpan>3</colSpan>
            <columnIndex>0</columnIndex>
            <dashboardComponent>
                <autoselectColumnsFromReport>false</autoselectColumnsFromReport>
                <chartAxisRange>Auto</chartAxisRange>
                <chartSummary>
                    <axisBinding>y</axisBinding>
                    <column>FORMULA1</column>
                </chartSummary>
                <componentType>BarGrouped</componentType>
                <displayUnits>Auto</displayUnits>
                <drillEnabled>false</drillEnabled>
                <drillToDetailEnabled>false</drillToDetailEnabled>
                <enableHover>false</enableHover>
                <expandOthers>false</expandOthers>
                <groupingColumn>CREATED</groupingColumn>
                <groupingColumn>STATUS</groupingColumn>
                <header>Inbound Lead Distribution YTD</header>
                <legendPosition>Right</legendPosition>
                <report>Sales_Management/Team_Fank_78S</report>
                <showPercentage>false</showPercentage>
                <showValues>true</showValues>
                <sortBy>RowValueDescending</sortBy>
                <useReportChart>false</useReportChart>
            </dashboardComponent>
            <rowIndex>8</rowIndex>
            <rowSpan>4</rowSpan>
        </dashboardGridComponents>
        <dashboardGridComponents>
            <colSpan>3</colSpan>
            <columnIndex>3</columnIndex>
            <dashboardComponent>
                <autoselectColumnsFromReport>false</autoselectColumnsFromReport>
                <chartAxisRange>Auto</chartAxisRange>
                <chartSummary>
                    <axisBinding>y</axisBinding>
                    <column>RowCount</column>
                </chartSummary>
                <componentType>BarGrouped</componentType>
                <decimalPrecision>-1</decimalPrecision>
                <displayUnits>Auto</displayUnits>
                <drillEnabled>false</drillEnabled>
                <drillToDetailEnabled>false</drillToDetailEnabled>
                <enableHover>false</enableHover>
                <expandOthers>false</expandOthers>
                <groupingColumn>CREATED</groupingColumn>
                <groupingColumn>STATUS</groupingColumn>
                <header>Inbound Lead Distribution YTD</header>
                <legendPosition>Right</legendPosition>
                <report>Sales_Management/Team_Fank_78S</report>
                <showPercentage>false</showPercentage>
                <showValues>true</showValues>
                <sortBy>RowValueDescending</sortBy>
                <useReportChart>false</useReportChart>
            </dashboardComponent>
            <rowIndex>8</rowIndex>
            <rowSpan>4</rowSpan>
        </dashboardGridComponents>
        <dashboardGridComponents>
            <colSpan>3</colSpan>
            <columnIndex>6</columnIndex>
            <dashboardComponent>
                <autoselectColumnsFromReport>false</autoselectColumnsFromReport>
                <chartAxisRange>Auto</chartAxisRange>
                <chartSummary>
                    <axisBinding>y</axisBinding>
                    <column>RowCount</column>
                </chartSummary>
                <componentType>BarGrouped</componentType>
                <decimalPrecision>-1</decimalPrecision>
                <displayUnits>Auto</displayUnits>
                <drillEnabled>false</drillEnabled>
                <drillToDetailEnabled>false</drillToDetailEnabled>
                <enableHover>false</enableHover>
                <expandOthers>false</expandOthers>
                <groupingColumn>BucketField_80259748</groupingColumn>
                <groupingColumn>STATUS</groupingColumn>
                <header>Lead Distribution By Teams This Month</header>
                <legendPosition>Right</legendPosition>
                <report>Sales_Management/Lead_Distribution_By_Teams_4ty</report>
                <showPercentage>false</showPercentage>
                <showValues>true</showValues>
                <sortBy>RowValueDescending</sortBy>
                <useReportChart>false</useReportChart>
            </dashboardComponent>
            <rowIndex>8</rowIndex>
            <rowSpan>4</rowSpan>
        </dashboardGridComponents>
        <dashboardGridComponents>
            <colSpan>3</colSpan>
            <columnIndex>0</columnIndex>
            <dashboardComponent>
                <autoselectColumnsFromReport>false</autoselectColumnsFromReport>
                <chartAxisRange>Auto</chartAxisRange>
                <chartSummary>
                    <axisBinding>y</axisBinding>
                    <column>RowCount</column>
                </chartSummary>
                <componentType>BarGrouped</componentType>
                <decimalPrecision>-1</decimalPrecision>
                <displayUnits>Auto</displayUnits>
                <drillEnabled>false</drillEnabled>
                <drillToDetailEnabled>false</drillToDetailEnabled>
                <enableHover>false</enableHover>
                <expandOthers>false</expandOthers>
                <groupingColumn>CREATED</groupingColumn>
                <groupingColumn>STATUS</groupingColumn>
                <header>Team JMO Leads YTD</header>
                <legendPosition>Right</legendPosition>
                <report>unfiled$public/Team_Fank_78S11</report>
                <showPercentage>false</showPercentage>
                <showValues>true</showValues>
                <sortBy>RowValueDescending</sortBy>
                <useReportChart>false</useReportChart>
            </dashboardComponent>
            <rowIndex>12</rowIndex>
            <rowSpan>4</rowSpan>
        </dashboardGridComponents>
        <dashboardGridComponents>
            <colSpan>3</colSpan>
            <columnIndex>3</columnIndex>
            <dashboardComponent>
                <autoselectColumnsFromReport>false</autoselectColumnsFromReport>
                <chartAxisRange>Auto</chartAxisRange>
                <chartSummary>
                    <axisBinding>y</axisBinding>
                    <column>RowCount</column>
                </chartSummary>
                <componentType>BarGrouped</componentType>
                <decimalPrecision>-1</decimalPrecision>
                <displayUnits>Auto</displayUnits>
                <drillEnabled>false</drillEnabled>
                <drillToDetailEnabled>false</drillToDetailEnabled>
                <enableHover>false</enableHover>
                <expandOthers>false</expandOthers>
                <groupingColumn>CREATED</groupingColumn>
                <groupingColumn>STATUS</groupingColumn>
                <header>Team JMO Lead Owner This Month</header>
                <legendPosition>Right</legendPosition>
                <report>unfiled$public/Team_JMO_Lead_Owner_This_Month_F8n</report>
                <showPercentage>false</showPercentage>
                <showValues>true</showValues>
                <sortBy>RowValueDescending</sortBy>
                <useReportChart>false</useReportChart>
            </dashboardComponent>
            <rowIndex>12</rowIndex>
            <rowSpan>4</rowSpan>
        </dashboardGridComponents>
        <dashboardGridComponents>
            <colSpan>3</colSpan>
            <columnIndex>6</columnIndex>
            <dashboardComponent>
                <autoselectColumnsFromReport>false</autoselectColumnsFromReport>
                <chartAxisRange>Auto</chartAxisRange>
                <chartSummary>
                    <axisBinding>y</axisBinding>
                    <column>RowCount</column>
                </chartSummary>
                <componentType>BarGrouped</componentType>
                <decimalPrecision>-1</decimalPrecision>
                <displayUnits>Auto</displayUnits>
                <drillEnabled>false</drillEnabled>
                <drillToDetailEnabled>false</drillToDetailEnabled>
                <enableHover>false</enableHover>
                <expandOthers>false</expandOthers>
                <groupingColumn>BucketField_80259748</groupingColumn>
                <groupingColumn>STATUS</groupingColumn>
                <header>Lead Distribution By Teams This Week</header>
                <legendPosition>Right</legendPosition>
                <report>Sales_Management/Lead_Distribution_By_Teams_This_Week_hpK</report>
                <showPercentage>false</showPercentage>
                <showValues>true</showValues>
                <sortBy>RowValueDescending</sortBy>
                <useReportChart>false</useReportChart>
            </dashboardComponent>
            <rowIndex>12</rowIndex>
            <rowSpan>4</rowSpan>
        </dashboardGridComponents>
        <dashboardGridComponents>
            <colSpan>3</colSpan>
            <columnIndex>0</columnIndex>
            <dashboardComponent>
                <autoselectColumnsFromReport>false</autoselectColumnsFromReport>
                <chartAxisRange>Auto</chartAxisRange>
                <chartSummary>
                    <aggregate>Sum</aggregate>
                    <axisBinding>y</axisBinding>
                    <column>AMOUNT</column>
                </chartSummary>
                <componentType>Donut</componentType>
                <decimalPrecision>-1</decimalPrecision>
                <displayUnits>Auto</displayUnits>
                <drillEnabled>false</drillEnabled>
                <drillToDetailEnabled>false</drillToDetailEnabled>
                <enableHover>false</enableHover>
                <expandOthers>false</expandOthers>
                <groupingColumn>FULL_NAME</groupingColumn>
                <header>Team Fankhauser Appraisals order Alltime</header>
                <legendPosition>Right</legendPosition>
                <report>unfiled$public/Appraisal_Invoice_Ordered_Paid_by_AE11</report>
                <showPercentage>false</showPercentage>
                <showTotal>true</showTotal>
                <showValues>true</showValues>
                <sortBy>RowValueDescending</sortBy>
                <useReportChart>false</useReportChart>
            </dashboardComponent>
            <rowIndex>16</rowIndex>
            <rowSpan>4</rowSpan>
        </dashboardGridComponents>
        <dashboardGridComponents>
            <colSpan>3</colSpan>
            <columnIndex>3</columnIndex>
            <dashboardComponent>
                <autoselectColumnsFromReport>false</autoselectColumnsFromReport>
                <chartAxisRange>Auto</chartAxisRange>
                <chartSummary>
                    <axisBinding>y</axisBinding>
                    <column>RowCount</column>
                </chartSummary>
                <componentType>Donut</componentType>
                <decimalPrecision>-1</decimalPrecision>
                <displayUnits>Auto</displayUnits>
                <drillEnabled>false</drillEnabled>
                <drillToDetailEnabled>false</drillToDetailEnabled>
                <enableHover>false</enableHover>
                <expandOthers>false</expandOthers>
                <groupingColumn>FULL_NAME</groupingColumn>
                <header>Inbound YTD Closings</header>
                <legendPosition>Right</legendPosition>
                <report>unfiled$public/Inbound_YTD_Closings_Ybr</report>
                <showPercentage>false</showPercentage>
                <showTotal>true</showTotal>
                <showValues>true</showValues>
                <sortBy>RowValueDescending</sortBy>
                <useReportChart>false</useReportChart>
            </dashboardComponent>
            <rowIndex>16</rowIndex>
            <rowSpan>4</rowSpan>
        </dashboardGridComponents>
        <dashboardGridComponents>
            <colSpan>3</colSpan>
            <columnIndex>6</columnIndex>
            <dashboardComponent>
                <autoselectColumnsFromReport>false</autoselectColumnsFromReport>
                <chartAxisRange>Auto</chartAxisRange>
                <chartSummary>
                    <axisBinding>y</axisBinding>
                    <column>RowCount</column>
                </chartSummary>
                <componentType>BarGrouped</componentType>
                <decimalPrecision>-1</decimalPrecision>
                <displayUnits>Auto</displayUnits>
                <drillEnabled>false</drillEnabled>
                <drillToDetailEnabled>false</drillToDetailEnabled>
                <enableHover>false</enableHover>
                <expandOthers>false</expandOthers>
                <groupingColumn>BucketField_80259748</groupingColumn>
                <groupingColumn>STATUS</groupingColumn>
                <header>Lead Distribution By Teams QTD</header>
                <legendPosition>Right</legendPosition>
                <report>Sales_Management/Lead_Distribution_By_Teams_QTD_0</report>
                <showPercentage>false</showPercentage>
                <showValues>true</showValues>
                <sortBy>RowValueAscending</sortBy>
                <useReportChart>false</useReportChart>
            </dashboardComponent>
            <rowIndex>16</rowIndex>
            <rowSpan>4</rowSpan>
        </dashboardGridComponents>
        <dashboardGridComponents>
            <colSpan>3</colSpan>
            <columnIndex>0</columnIndex>
            <dashboardComponent>
                <autoselectColumnsFromReport>false</autoselectColumnsFromReport>
                <chartAxisRange>Auto</chartAxisRange>
                <chartSummary>
                    <axisBinding>y</axisBinding>
                    <column>RowCount</column>
                </chartSummary>
                <componentType>Donut</componentType>
                <decimalPrecision>-1</decimalPrecision>
                <displayUnits>Auto</displayUnits>
                <drillEnabled>false</drillEnabled>
                <drillToDetailEnabled>false</drillToDetailEnabled>
                <enableHover>false</enableHover>
                <expandOthers>false</expandOthers>
                <groupingColumn>FULL_NAME</groupingColumn>
                <header>Team Fankhauser Appraisals order Alltime</header>
                <legendPosition>Right</legendPosition>
                <report>unfiled$public/Appraisal_Invoice_Ordered_Paid_by_AE11</report>
                <showPercentage>false</showPercentage>
                <showTotal>true</showTotal>
                <showValues>true</showValues>
                <sortBy>RowValueDescending</sortBy>
                <useReportChart>false</useReportChart>
            </dashboardComponent>
            <rowIndex>20</rowIndex>
            <rowSpan>4</rowSpan>
        </dashboardGridComponents>
        <dashboardGridComponents>
            <colSpan>3</colSpan>
            <columnIndex>3</columnIndex>
            <dashboardComponent>
                <autoselectColumnsFromReport>false</autoselectColumnsFromReport>
                <chartAxisRange>Auto</chartAxisRange>
                <chartSummary>
                    <axisBinding>y</axisBinding>
                    <column>RowCount</column>
                </chartSummary>
                <componentType>Bar</componentType>
                <decimalPrecision>-1</decimalPrecision>
                <displayUnits>Auto</displayUnits>
                <drillEnabled>false</drillEnabled>
                <drillToDetailEnabled>false</drillToDetailEnabled>
                <enableHover>false</enableHover>
                <expandOthers>false</expandOthers>
                <groupingColumn>CONTACT_OWNER</groupingColumn>
                <header>Broker approved all time</header>
                <legendPosition>Bottom</legendPosition>
                <report>unfiled$public/Broker_approved_all_time_34G</report>
                <showPercentage>false</showPercentage>
                <showValues>true</showValues>
                <sortBy>RowLabelAscending</sortBy>
                <useReportChart>false</useReportChart>
            </dashboardComponent>
            <rowIndex>20</rowIndex>
            <rowSpan>4</rowSpan>
        </dashboardGridComponents>
        <numberOfColumns>9</numberOfColumns>
        <rowHeight>80</rowHeight>
    </dashboardGridLayout>
    <dashboardType>SpecifiedUser</dashboardType>
    <isGridLayout>true</isGridLayout>
    <runningUser>ryan.painter@visiolending.com</runningUser>
    <textColor>#000000</textColor>
    <title>Inbound Team</title>
    <titleColor>#000000</titleColor>
    <titleSize>12</titleSize>
</Dashboard>
