<?xml version="1.0" encoding="UTF-8"?>
<DuplicateRule xmlns="http://soap.sforce.com/2006/04/metadata" xmlns:xsi="http://www.w3.org/2001/XMLSchema-instance">
    <actionOnInsert>Allow</actionOnInsert>
    <actionOnUpdate>Allow</actionOnUpdate>
    <alertText>This is a likely duplicate. Are you sure you want to save? Please review those below:</alertText>
    <description>Based off of name + infographics</description>
    <duplicateRuleFilter xsi:nil="true"/>
    <duplicateRuleMatchRules>
        <matchRuleSObjectType>Account</matchRuleSObjectType>
        <matchingRule>Relaxed_Account_Name_Match</matchingRule>
        <objectMapping xsi:nil="true"/>
    </duplicateRuleMatchRules>
    <isActive>true</isActive>
    <masterLabel>Relaxed Account Name Match</masterLabel>
    <operationsOnInsert>Alert</operationsOnInsert>
    <operationsOnInsert>Report</operationsOnInsert>
    <operationsOnUpdate>Alert</operationsOnUpdate>
    <operationsOnUpdate>Report</operationsOnUpdate>
    <securityOption>BypassSharingRules</securityOption>
    <sortOrder>2</sortOrder>
</DuplicateRule>
