<?xml version="1.0" encoding="UTF-8"?>
<DuplicateRule xmlns="http://soap.sforce.com/2006/04/metadata" xmlns:xsi="http://www.w3.org/2001/XMLSchema-instance">
    <actionOnInsert>Allow</actionOnInsert>
    <actionOnUpdate>Allow</actionOnUpdate>
    <alertText>This is a likely duplicate. Are you sure you want to save? Please review those below:</alertText>
    <description>Name &amp; Infographic matching.</description>
    <duplicateRuleFilter xsi:nil="true"/>
    <duplicateRuleMatchRules>
        <matchRuleSObjectType>Contact</matchRuleSObjectType>
        <matchingRule>Standard_Contact_Match_Rule_v1_1</matchingRule>
        <objectMapping xsi:nil="true"/>
    </duplicateRuleMatchRules>
    <isActive>true</isActive>
    <masterLabel>Relaxed Contact</masterLabel>
    <operationsOnInsert>Alert</operationsOnInsert>
    <operationsOnInsert>Report</operationsOnInsert>
    <operationsOnUpdate>Alert</operationsOnUpdate>
    <operationsOnUpdate>Report</operationsOnUpdate>
    <securityOption>BypassSharingRules</securityOption>
    <sortOrder>2</sortOrder>
</DuplicateRule>
