<?xml version="1.0" encoding="UTF-8"?>
<DuplicateRule xmlns="http://soap.sforce.com/2006/04/metadata" xmlns:xsi="http://www.w3.org/2001/XMLSchema-instance">
    <actionOnInsert>Block</actionOnInsert>
    <actionOnUpdate>Allow</actionOnUpdate>
    <alertText>Stop! This is a duplicate record. If you believe this is an error, reach out to your supervisor for advice.</alertText>
    <description>Strict criteria blocks creation of records</description>
    <duplicateRuleFilter xsi:nil="true"/>
    <duplicateRuleMatchRules>
        <matchRuleSObjectType>Contact</matchRuleSObjectType>
        <matchingRule>Strict_Contact</matchingRule>
        <objectMapping xsi:nil="true"/>
    </duplicateRuleMatchRules>
    <isActive>true</isActive>
    <masterLabel>Strict Contact</masterLabel>
    <operationsOnUpdate>Alert</operationsOnUpdate>
    <operationsOnUpdate>Report</operationsOnUpdate>
    <securityOption>EnforceSharingRules</securityOption>
    <sortOrder>1</sortOrder>
</DuplicateRule>
