<?xml version="1.0" encoding="UTF-8"?>
<DuplicateRule xmlns="http://soap.sforce.com/2006/04/metadata" xmlns:xsi="http://www.w3.org/2001/XMLSchema-instance">
    <actionOnInsert>Allow</actionOnInsert>
    <actionOnUpdate>Allow</actionOnUpdate>
    <alertText>This is a likely duplicate.  Are you sure you want to save?  Please review those below:</alertText>
    <description>Based off of Last Name + Infographics</description>
    <duplicateRuleFilter>
        <booleanFilter xsi:nil="true"/>
        <duplicateRuleFilterItems>
            <field>amp_dev__Referral_Source__c</field>
            <operation>equals</operation>
            <value/>
            <sortOrder>1</sortOrder>
            <table>Lead</table>
        </duplicateRuleFilterItems>
    </duplicateRuleFilter>
    <duplicateRuleMatchRules>
        <matchRuleSObjectType>Lead</matchRuleSObjectType>
        <matchingRule>Standard_Lead_Match_Rule_v1_0</matchingRule>
        <objectMapping xsi:nil="true"/>
    </duplicateRuleMatchRules>
    <isActive>true</isActive>
    <masterLabel>Relaxed Lead</masterLabel>
    <operationsOnInsert>Alert</operationsOnInsert>
    <operationsOnInsert>Report</operationsOnInsert>
    <operationsOnUpdate>Alert</operationsOnUpdate>
    <operationsOnUpdate>Report</operationsOnUpdate>
    <securityOption>BypassSharingRules</securityOption>
    <sortOrder>2</sortOrder>
</DuplicateRule>
