<?xml version="1.0" encoding="UTF-8"?>
<DuplicateRule xmlns="http://soap.sforce.com/2006/04/metadata" xmlns:xsi="http://www.w3.org/2001/XMLSchema-instance">
    <actionOnInsert>Allow</actionOnInsert>
    <actionOnUpdate>Allow</actionOnUpdate>
    <alertText>This is a likely duplicate.  Are you sure you want to save?  Please review those below:</alertText>
    <description>Based off of Last Name + Infographics</description>
    <duplicateRuleFilter>
        <booleanFilter xsi:nil="true"/>
        <duplicateRuleFilterItems>
            <field>amp_dev__Referral_Source__c</field>
            <operation>equals</operation>
            <value/>
            <sortOrder>1</sortOrder>
            <table>Lead</table>
        </duplicateRuleFilterItems>
    </duplicateRuleFilter>
    <duplicateRuleMatchRules>
        <matchRuleSObjectType>Contact</matchRuleSObjectType>
        <matchingRule>Relaxed_Contact_Name_Match</matchingRule>
        <objectMapping>
            <inputObject>Lead</inputObject>
            <mappingFields>
                <inputField>Email</inputField>
                <outputField>Email</outputField>
            </mappingFields>
            <mappingFields>
                <inputField>FirstName</inputField>
                <outputField>FirstName</outputField>
            </mappingFields>
            <mappingFields>
                <inputField>LastName</inputField>
                <outputField>LastName</outputField>
            </mappingFields>
            <mappingFields>
                <inputField>Phone</inputField>
                <outputField>Phone</outputField>
            </mappingFields>
            <outputObject>Contact</outputObject>
        </objectMapping>
    </duplicateRuleMatchRules>
    <isActive>true</isActive>
    <masterLabel>Lead2Contact Name and (Email or Phone)</masterLabel>
    <operationsOnInsert>Alert</operationsOnInsert>
    <operationsOnInsert>Report</operationsOnInsert>
    <operationsOnUpdate>Alert</operationsOnUpdate>
    <operationsOnUpdate>Report</operationsOnUpdate>
    <securityOption>BypassSharingRules</securityOption>
    <sortOrder>4</sortOrder>
</DuplicateRule>
