<?xml version="1.0" encoding="UTF-8"?>
<CustomMetadata xmlns="http://soap.sforce.com/2006/04/metadata" xmlns:xsi="http://www.w3.org/2001/XMLSchema-instance" xmlns:xsd="http://www.w3.org/2001/XMLSchema">
    <label>VFS Loan Application</label>
    <protected>false</protected>
    <values>
        <field>FullName__c</field>
        <value xsi:type="xsd:string">VFS Loan Application</value>
    </values>
    <values>
        <field>Required__c</field>
        <value xsi:type="xsd:boolean">true</value>
    </values>
    <values>
        <field>Type__c</field>
        <value xsi:type="xsd:string">Loan Applications</value>
    </values>
</CustomMetadata>
