<?xml version="1.0" encoding="UTF-8"?>
<AssignmentRules xmlns="http://soap.sforce.com/2006/04/metadata">
    <assignmentRule>
        <fullName>Hubspot</fullName>
        <active>false</active>
        <ruleEntry>
            <assignedTo>Archive</assignedTo>
            <assignedToType>Queue</assignedToType>
            <criteriaItems>
                <field>Lead.Phone</field>
                <operation>notEqual</operation>
            </criteriaItems>
            <criteriaItems>
                <field>Lead.Email</field>
                <operation>equals</operation>
            </criteriaItems>
        </ruleEntry>
    </assignmentRule>
    <assignmentRule>
        <fullName>Referrals</fullName>
        <active>false</active>
        <ruleEntry>
            <assignedTo>Referrals</assignedTo>
            <assignedToType>Queue</assignedToType>
            <criteriaItems>
                <field>Lead.Lead_Referral_Partner_ID__c</field>
                <operation>notEqual</operation>
            </criteriaItems>
            <criteriaItems>
                <field>Lead.LeadSource</field>
                <operation>equals</operation>
                <value>Other</value>
            </criteriaItems>
            <criteriaItems>
                <field>Lead.Other_Lead_Source__c</field>
                <operation>equals</operation>
                <value>Referral</value>
            </criteriaItems>
        </ruleEntry>
    </assignmentRule>
</AssignmentRules>
