<?xml version="1.0" encoding="UTF-8"?>
<Dashboard xmlns="http://soap.sforce.com/2006/04/metadata">
    <backgroundEndColor>#FFFFFF</backgroundEndColor>
    <backgroundFadeDirection>Diagonal</backgroundFadeDirection>
    <backgroundStartColor>#FFFFFF</backgroundStartColor>
    <dashboardFilters>
        <dashboardFilterOptions>
            <operator>equals</operator>
            <values>Fit Small Business Leads</values>
        </dashboardFilterOptions>
        <dashboardFilterOptions>
            <operator>equals</operator>
            <values>Fit Small Business MQL Unresponsive Re-engage</values>
        </dashboardFilterOptions>
        <dashboardFilterOptions>
            <operator>equals</operator>
            <values>fit small business</values>
        </dashboardFilterOptions>
        <dashboardFilterOptions>
            <operator>equals</operator>
            <values>fit small business June 2018 re-engage</values>
        </dashboardFilterOptions>
        <name>Campaign Name</name>
    </dashboardFilters>
    <dashboardType>SpecifiedUser</dashboardType>
    <isGridLayout>false</isGridLayout>
    <leftSection>
        <columnSize>Wide</columnSize>
        <components>
            <autoselectColumnsFromReport>false</autoselectColumnsFromReport>
            <chartAxisRange>Auto</chartAxisRange>
            <chartSummary>
                <axisBinding>y</axisBinding>
                <column>RowCount</column>
            </chartSummary>
            <componentType>Pie</componentType>
            <dashboardFilterColumns>
                <column>CAMPAIGN_NAME</column>
            </dashboardFilterColumns>
            <displayUnits>Integer</displayUnits>
            <drillEnabled>false</drillEnabled>
            <drillToDetailEnabled>false</drillToDetailEnabled>
            <enableHover>false</enableHover>
            <expandOthers>false</expandOthers>
            <groupingColumn>STATUS</groupingColumn>
            <header>FSB Lead Status</header>
            <legendPosition>OnChart</legendPosition>
            <report>SFDC_IT_Reporting/Fit_Small_Business_Leads</report>
            <showPercentage>true</showPercentage>
            <showValues>true</showValues>
            <sortBy>RowLabelAscending</sortBy>
            <title>All Leads</title>
            <useReportChart>false</useReportChart>
        </components>
        <components>
            <autoselectColumnsFromReport>false</autoselectColumnsFromReport>
            <chartAxisRange>Auto</chartAxisRange>
            <chartSummary>
                <axisBinding>y</axisBinding>
                <column>RowCount</column>
            </chartSummary>
            <componentType>Pie</componentType>
            <dashboardFilterColumns>
                <column>CAMPAIGN_NAME</column>
            </dashboardFilterColumns>
            <displayUnits>Integer</displayUnits>
            <drillEnabled>false</drillEnabled>
            <drillToDetailEnabled>false</drillToDetailEnabled>
            <enableHover>false</enableHover>
            <expandOthers>false</expandOthers>
            <groupingColumn>STATUS</groupingColumn>
            <header>FSB Lead Status</header>
            <legendPosition>OnChart</legendPosition>
            <report>SFDC_IT_Reporting/FSB_Leads_This_Week</report>
            <showPercentage>true</showPercentage>
            <showValues>true</showValues>
            <sortBy>RowLabelAscending</sortBy>
            <title>Leads Created This Week</title>
            <useReportChart>false</useReportChart>
        </components>
        <components>
            <autoselectColumnsFromReport>false</autoselectColumnsFromReport>
            <chartAxisRange>Auto</chartAxisRange>
            <chartSummary>
                <aggregate>Sum</aggregate>
                <axisBinding>y</axisBinding>
                <column>AMOUNT</column>
            </chartSummary>
            <componentType>ColumnStacked</componentType>
            <dashboardFilterColumns>
                <column>CAMPAIGN_NAME</column>
            </dashboardFilterColumns>
            <displayUnits>Integer</displayUnits>
            <drillEnabled>false</drillEnabled>
            <drillToDetailEnabled>false</drillToDetailEnabled>
            <enableHover>true</enableHover>
            <expandOthers>false</expandOthers>
            <groupingColumn>STAGE_NAME</groupingColumn>
            <groupingColumn>OPP_OWNER</groupingColumn>
            <header>FSB Loans</header>
            <legendPosition>Right</legendPosition>
            <report>SFDC_IT_Reporting/Fits_Small_Business_Leads_with_Loans</report>
            <showPercentage>false</showPercentage>
            <showValues>false</showValues>
            <sortBy>RowLabelAscending</sortBy>
            <title>Loan History - Loan Amount</title>
            <useReportChart>false</useReportChart>
        </components>
    </leftSection>
    <middleSection>
        <columnSize>Wide</columnSize>
        <components>
            <autoselectColumnsFromReport>false</autoselectColumnsFromReport>
            <chartAxisRange>Auto</chartAxisRange>
            <chartSummary>
                <axisBinding>y</axisBinding>
                <column>RowCount</column>
            </chartSummary>
            <componentType>Pie</componentType>
            <dashboardFilterColumns>
                <column>CAMPAIGN_NAME</column>
            </dashboardFilterColumns>
            <displayUnits>Integer</displayUnits>
            <drillEnabled>false</drillEnabled>
            <drillToDetailEnabled>false</drillToDetailEnabled>
            <enableHover>false</enableHover>
            <expandOthers>false</expandOthers>
            <groupingColumn>STATUS</groupingColumn>
            <header>FSB Lead Status</header>
            <legendPosition>OnChart</legendPosition>
            <report>SFDC_IT_Reporting/FSB_Leads_This_Quarter</report>
            <showPercentage>true</showPercentage>
            <showValues>true</showValues>
            <sortBy>RowLabelAscending</sortBy>
            <title>Leads Created This Quarter</title>
            <useReportChart>false</useReportChart>
        </components>
        <components>
            <autoselectColumnsFromReport>false</autoselectColumnsFromReport>
            <chartAxisRange>Auto</chartAxisRange>
            <chartSummary>
                <axisBinding>y</axisBinding>
                <column>RowCount</column>
            </chartSummary>
            <componentType>ColumnGrouped</componentType>
            <dashboardFilterColumns>
                <column>CAMPAIGN_NAME</column>
            </dashboardFilterColumns>
            <displayUnits>Auto</displayUnits>
            <drillEnabled>false</drillEnabled>
            <drillToDetailEnabled>false</drillToDetailEnabled>
            <enableHover>false</enableHover>
            <expandOthers>false</expandOthers>
            <groupingColumn>STAGE_NAME</groupingColumn>
            <groupingColumn>OPP_OWNER</groupingColumn>
            <header>FSB Leads</header>
            <legendPosition>Right</legendPosition>
            <report>SFDC_IT_Reporting/FSB_Open_Pipeline</report>
            <showPercentage>false</showPercentage>
            <showValues>true</showValues>
            <sortBy>RowLabelAscending</sortBy>
            <title>Current Loan Pipeline</title>
            <useReportChart>false</useReportChart>
        </components>
    </middleSection>
    <rightSection>
        <columnSize>Wide</columnSize>
        <components>
            <autoselectColumnsFromReport>false</autoselectColumnsFromReport>
            <chartAxisRange>Auto</chartAxisRange>
            <chartSummary>
                <axisBinding>y</axisBinding>
                <column>RowCount</column>
            </chartSummary>
            <componentType>Pie</componentType>
            <dashboardFilterColumns>
                <column>CAMPAIGN_NAME</column>
            </dashboardFilterColumns>
            <displayUnits>Integer</displayUnits>
            <drillEnabled>false</drillEnabled>
            <drillToDetailEnabled>false</drillToDetailEnabled>
            <enableHover>false</enableHover>
            <expandOthers>false</expandOthers>
            <groupingColumn>STATUS</groupingColumn>
            <header>FSB Lead Status</header>
            <legendPosition>OnChart</legendPosition>
            <report>SFDC_IT_Reporting/FSB_Leads_This_Month</report>
            <showPercentage>true</showPercentage>
            <showValues>true</showValues>
            <sortBy>RowLabelAscending</sortBy>
            <title>Leads Created This Month</title>
            <useReportChart>false</useReportChart>
        </components>
        <components>
            <autoselectColumnsFromReport>false</autoselectColumnsFromReport>
            <chartAxisRange>Auto</chartAxisRange>
            <chartSummary>
                <axisBinding>y</axisBinding>
                <column>RowCount</column>
            </chartSummary>
            <componentType>ColumnStacked</componentType>
            <dashboardFilterColumns>
                <column>CAMPAIGN_NAME</column>
            </dashboardFilterColumns>
            <displayUnits>Integer</displayUnits>
            <drillEnabled>false</drillEnabled>
            <drillToDetailEnabled>false</drillToDetailEnabled>
            <enableHover>true</enableHover>
            <expandOthers>false</expandOthers>
            <groupingColumn>STAGE_NAME</groupingColumn>
            <groupingColumn>OPP_OWNER</groupingColumn>
            <header>FSB Loans</header>
            <legendPosition>Right</legendPosition>
            <report>SFDC_IT_Reporting/Fits_Small_Business_Leads_with_Loans</report>
            <showPercentage>false</showPercentage>
            <showValues>false</showValues>
            <sortBy>RowLabelAscending</sortBy>
            <title>Loan History - # of Records</title>
            <useReportChart>false</useReportChart>
        </components>
    </rightSection>
    <runningUser>tony.demarco@visiolending.com</runningUser>
    <textColor>#000000</textColor>
    <title>Fit Small Business Campaign Status</title>
    <titleColor>#000000</titleColor>
    <titleSize>12</titleSize>
</Dashboard>
