<?xml version="1.0" encoding="UTF-8"?>
<Dashboard xmlns="http://soap.sforce.com/2006/04/metadata">
    <backgroundEndColor>#FFFFFF</backgroundEndColor>
    <backgroundFadeDirection>Diagonal</backgroundFadeDirection>
    <backgroundStartColor>#FFFFFF</backgroundStartColor>
    <dashboardFilters>
        <dashboardFilterOptions>
            <operator>notEqual</operator>
            <values>External Referral</values>
        </dashboardFilterOptions>
        <name>Lead Source</name>
    </dashboardFilters>
    <dashboardType>SpecifiedUser</dashboardType>
    <isGridLayout>false</isGridLayout>
    <leftSection>
        <columnSize>Wide</columnSize>
        <components>
            <autoselectColumnsFromReport>false</autoselectColumnsFromReport>
            <chartAxisRange>Manual</chartAxisRange>
            <chartAxisRangeMin>10.0</chartAxisRangeMin>
            <chartSummary>
                <axisBinding>y</axisBinding>
                <column>FORMULA3</column>
            </chartSummary>
            <componentType>LineGrouped</componentType>
            <dashboardFilterColumns>
                <column>PC_LEAD_SOURCE</column>
            </dashboardFilterColumns>
            <displayUnits>Integer</displayUnits>
            <drillEnabled>false</drillEnabled>
            <drillToDetailEnabled>false</drillToDetailEnabled>
            <enableHover>true</enableHover>
            <expandOthers>false</expandOthers>
            <groupingColumn>CLOSE_DATE</groupingColumn>
            <groupingColumn>BucketField_80184921</groupingColumn>
            <header>Quarterly Results for Last 3 Years</header>
            <legendPosition>Bottom</legendPosition>
            <report>SFDC_IT_Reporting/Loan_Lead_Source_By_Quarter</report>
            <showPercentage>false</showPercentage>
            <showValues>false</showValues>
            <sortBy>RowLabelAscending</sortBy>
            <title>Closed/Won Loan Lead Source</title>
            <useReportChart>false</useReportChart>
        </components>
        <components>
            <autoselectColumnsFromReport>true</autoselectColumnsFromReport>
            <chartAxisRange>Auto</chartAxisRange>
            <componentType>Bar</componentType>
            <dashboardFilterColumns>
                <column>PC_LEAD_SOURCE</column>
            </dashboardFilterColumns>
            <displayUnits>Auto</displayUnits>
            <drillEnabled>false</drillEnabled>
            <drillToDetailEnabled>false</drillToDetailEnabled>
            <enableHover>false</enableHover>
            <expandOthers>false</expandOthers>
            <header>Loan Amount</header>
            <legendPosition>Bottom</legendPosition>
            <report>SFDC_IT_Reporting/Won_Loans_Lead_Source_Rev_Current_YR</report>
            <showPercentage>false</showPercentage>
            <showValues>true</showValues>
            <sortBy>RowLabelAscending</sortBy>
            <title>Current Year Lead Source - Won Loans</title>
            <useReportChart>true</useReportChart>
        </components>
        <components>
            <autoselectColumnsFromReport>false</autoselectColumnsFromReport>
            <chartAxisRange>Auto</chartAxisRange>
            <chartSummary>
                <axisBinding>y</axisBinding>
                <column>FORMULA2</column>
            </chartSummary>
            <componentType>Donut</componentType>
            <dashboardFilterColumns>
                <column>PC_LEAD_SOURCE</column>
            </dashboardFilterColumns>
            <displayUnits>Auto</displayUnits>
            <drillEnabled>false</drillEnabled>
            <drillToDetailEnabled>false</drillToDetailEnabled>
            <enableHover>false</enableHover>
            <expandOthers>false</expandOthers>
            <groupingColumn>PC_LEAD_SOURCE</groupingColumn>
            <header>% of Records</header>
            <legendPosition>Right</legendPosition>
            <report>SFDC_IT_Reporting/Won_Loans_Lead_Source_Rev_Current_YR</report>
            <showPercentage>true</showPercentage>
            <showTotal>false</showTotal>
            <showValues>false</showValues>
            <sortBy>RowLabelAscending</sortBy>
            <title>Current Year Lead Source - Won Loans</title>
            <useReportChart>false</useReportChart>
        </components>
        <components>
            <autoselectColumnsFromReport>false</autoselectColumnsFromReport>
            <chartAxisRange>Auto</chartAxisRange>
            <chartSummary>
                <axisBinding>y</axisBinding>
                <column>RowCount</column>
            </chartSummary>
            <componentType>Donut</componentType>
            <dashboardFilterColumns>
                <column>PC_LEAD_SOURCE</column>
            </dashboardFilterColumns>
            <displayUnits>Integer</displayUnits>
            <drillEnabled>false</drillEnabled>
            <drillToDetailEnabled>false</drillToDetailEnabled>
            <enableHover>false</enableHover>
            <expandOthers>false</expandOthers>
            <groupingColumn>PC_LEAD_SOURCE</groupingColumn>
            <header>Current Year</header>
            <legendPosition>Bottom</legendPosition>
            <report>SFDC_IT_Reporting/Loan_Lead_Source_Analysis</report>
            <showPercentage>true</showPercentage>
            <showTotal>false</showTotal>
            <showValues>false</showValues>
            <sortBy>RowLabelAscending</sortBy>
            <title>Lead Source on Loans</title>
            <useReportChart>false</useReportChart>
        </components>
        <components>
            <autoselectColumnsFromReport>false</autoselectColumnsFromReport>
            <chartAxisRange>Auto</chartAxisRange>
            <chartSummary>
                <axisBinding>y</axisBinding>
                <column>RowCount</column>
            </chartSummary>
            <componentType>Donut</componentType>
            <dashboardFilterColumns>
                <column>Lead$ConvertedContact.LeadSource</column>
            </dashboardFilterColumns>
            <displayUnits>Auto</displayUnits>
            <drillEnabled>false</drillEnabled>
            <drillToDetailEnabled>false</drillToDetailEnabled>
            <enableHover>false</enableHover>
            <expandOthers>false</expandOthers>
            <groupingColumn>Lead$LeadSource</groupingColumn>
            <header>Current Year</header>
            <legendPosition>Bottom</legendPosition>
            <report>SFDC_IT_Reporting/Lead_Source_on_Converted_Leads</report>
            <showPercentage>true</showPercentage>
            <showTotal>false</showTotal>
            <showValues>false</showValues>
            <sortBy>RowLabelAscending</sortBy>
            <title>Lead Source on Converted Leads</title>
            <useReportChart>false</useReportChart>
        </components>
    </leftSection>
    <middleSection>
        <columnSize>Wide</columnSize>
        <components>
            <autoselectColumnsFromReport>false</autoselectColumnsFromReport>
            <chartAxisRange>Manual</chartAxisRange>
            <chartAxisRangeMin>2.0E7</chartAxisRangeMin>
            <chartSummary>
                <aggregate>Sum</aggregate>
                <axisBinding>y</axisBinding>
                <column>Opportunity.Loan_Amount__c</column>
            </chartSummary>
            <componentType>LineGrouped</componentType>
            <dashboardFilterColumns>
                <column>PC_LEAD_SOURCE</column>
            </dashboardFilterColumns>
            <displayUnits>Millions</displayUnits>
            <drillEnabled>false</drillEnabled>
            <drillToDetailEnabled>false</drillToDetailEnabled>
            <enableHover>true</enableHover>
            <expandOthers>false</expandOthers>
            <groupingColumn>CLOSE_DATE</groupingColumn>
            <groupingColumn>BucketField_80184921</groupingColumn>
            <header>Quarterly Results for Last 3 Years</header>
            <legendPosition>Bottom</legendPosition>
            <report>SFDC_IT_Reporting/Loan_Lead_Source_By_Quarter</report>
            <showPercentage>false</showPercentage>
            <showValues>false</showValues>
            <sortBy>RowLabelAscending</sortBy>
            <title>Closed/Won Loan Revenue by Lead Source</title>
            <useReportChart>false</useReportChart>
        </components>
        <components>
            <autoselectColumnsFromReport>true</autoselectColumnsFromReport>
            <chartAxisRange>Auto</chartAxisRange>
            <componentType>Bar</componentType>
            <dashboardFilterColumns>
                <column>PC_LEAD_SOURCE</column>
            </dashboardFilterColumns>
            <displayUnits>Auto</displayUnits>
            <drillEnabled>false</drillEnabled>
            <drillToDetailEnabled>false</drillToDetailEnabled>
            <enableHover>false</enableHover>
            <expandOthers>false</expandOthers>
            <header>Loan Amount</header>
            <legendPosition>Bottom</legendPosition>
            <report>SFDC_IT_Reporting/Won_Loans_Lead_Source_Rev_2017</report>
            <showPercentage>false</showPercentage>
            <showValues>true</showValues>
            <sortBy>RowLabelAscending</sortBy>
            <title>2017 Lead Source - Won Loans</title>
            <useReportChart>true</useReportChart>
        </components>
        <components>
            <autoselectColumnsFromReport>false</autoselectColumnsFromReport>
            <chartAxisRange>Auto</chartAxisRange>
            <chartSummary>
                <axisBinding>y</axisBinding>
                <column>FORMULA2</column>
            </chartSummary>
            <componentType>Donut</componentType>
            <dashboardFilterColumns>
                <column>PC_LEAD_SOURCE</column>
            </dashboardFilterColumns>
            <displayUnits>Auto</displayUnits>
            <drillEnabled>false</drillEnabled>
            <drillToDetailEnabled>false</drillToDetailEnabled>
            <enableHover>false</enableHover>
            <expandOthers>false</expandOthers>
            <groupingColumn>PC_LEAD_SOURCE</groupingColumn>
            <header>% of Records</header>
            <legendPosition>Right</legendPosition>
            <report>SFDC_IT_Reporting/Won_Loans_Lead_Source_Rev_2017</report>
            <showPercentage>true</showPercentage>
            <showTotal>false</showTotal>
            <showValues>false</showValues>
            <sortBy>RowLabelAscending</sortBy>
            <title>2017 Lead Source - Won Loans</title>
            <useReportChart>false</useReportChart>
        </components>
        <components>
            <autoselectColumnsFromReport>false</autoselectColumnsFromReport>
            <chartAxisRange>Auto</chartAxisRange>
            <chartSummary>
                <aggregate>Sum</aggregate>
                <axisBinding>y</axisBinding>
                <column>Opportunity.Loan_Amount__c</column>
            </chartSummary>
            <componentType>Donut</componentType>
            <dashboardFilterColumns>
                <column>PC_LEAD_SOURCE</column>
            </dashboardFilterColumns>
            <displayUnits>Integer</displayUnits>
            <drillEnabled>false</drillEnabled>
            <drillToDetailEnabled>false</drillToDetailEnabled>
            <enableHover>false</enableHover>
            <expandOthers>false</expandOthers>
            <groupingColumn>PC_LEAD_SOURCE</groupingColumn>
            <header>Current Year</header>
            <legendPosition>Bottom</legendPosition>
            <report>SFDC_IT_Reporting/Loan_Lead_Source_Analysis</report>
            <showPercentage>true</showPercentage>
            <showTotal>false</showTotal>
            <showValues>true</showValues>
            <sortBy>RowLabelAscending</sortBy>
            <title>Lead Source Loan Value on Loans</title>
            <useReportChart>false</useReportChart>
        </components>
        <components>
            <autoselectColumnsFromReport>false</autoselectColumnsFromReport>
            <chartAxisRange>Auto</chartAxisRange>
            <chartSummary>
                <axisBinding>y</axisBinding>
                <column>RowCount</column>
            </chartSummary>
            <componentType>Donut</componentType>
            <dashboardFilterColumns>
                <column>Lead$ConvertedContact.LeadSource</column>
            </dashboardFilterColumns>
            <displayUnits>Auto</displayUnits>
            <drillEnabled>false</drillEnabled>
            <drillToDetailEnabled>false</drillToDetailEnabled>
            <enableHover>false</enableHover>
            <expandOthers>false</expandOthers>
            <groupingColumn>Lead$LeadSource</groupingColumn>
            <header>Current Year</header>
            <legendPosition>Bottom</legendPosition>
            <report>SFDC_IT_Reporting/Lead_Source_on_Unconverted_Leads</report>
            <showPercentage>true</showPercentage>
            <showTotal>false</showTotal>
            <showValues>false</showValues>
            <sortBy>RowLabelAscending</sortBy>
            <title>Lead Source on Unconverted Leads</title>
            <useReportChart>false</useReportChart>
        </components>
    </middleSection>
    <rightSection>
        <columnSize>Wide</columnSize>
        <components>
            <autoselectColumnsFromReport>false</autoselectColumnsFromReport>
            <chartAxisRange>Manual</chartAxisRange>
            <chartAxisRangeMin>100000.0</chartAxisRangeMin>
            <chartSummary>
                <aggregate>Average</aggregate>
                <axisBinding>y</axisBinding>
                <column>Opportunity.Loan_Amount__c</column>
            </chartSummary>
            <componentType>LineGrouped</componentType>
            <dashboardFilterColumns>
                <column>PC_LEAD_SOURCE</column>
            </dashboardFilterColumns>
            <displayUnits>Thousands</displayUnits>
            <drillEnabled>false</drillEnabled>
            <drillToDetailEnabled>false</drillToDetailEnabled>
            <enableHover>true</enableHover>
            <expandOthers>false</expandOthers>
            <groupingColumn>CLOSE_DATE</groupingColumn>
            <groupingColumn>BucketField_80184921</groupingColumn>
            <header>Quarterly Results for Last 3 Years</header>
            <legendPosition>Bottom</legendPosition>
            <report>SFDC_IT_Reporting/Loan_Lead_Source_By_Quarter</report>
            <showPercentage>false</showPercentage>
            <showValues>false</showValues>
            <sortBy>RowLabelAscending</sortBy>
            <title>Closed/Won Loan AVG Deal Amount by Lead</title>
            <useReportChart>false</useReportChart>
        </components>
        <components>
            <autoselectColumnsFromReport>true</autoselectColumnsFromReport>
            <chartAxisRange>Auto</chartAxisRange>
            <componentType>Bar</componentType>
            <dashboardFilterColumns>
                <column>PC_LEAD_SOURCE</column>
            </dashboardFilterColumns>
            <displayUnits>Auto</displayUnits>
            <drillEnabled>false</drillEnabled>
            <drillToDetailEnabled>false</drillToDetailEnabled>
            <enableHover>false</enableHover>
            <expandOthers>false</expandOthers>
            <header>Loan Amount</header>
            <legendPosition>Bottom</legendPosition>
            <report>SFDC_IT_Reporting/Won_Loans_Lead_Source_Rev_2016</report>
            <showPercentage>false</showPercentage>
            <showValues>true</showValues>
            <sortBy>RowLabelAscending</sortBy>
            <title>2016 Lead Source - Won Loans</title>
            <useReportChart>true</useReportChart>
        </components>
        <components>
            <autoselectColumnsFromReport>false</autoselectColumnsFromReport>
            <chartAxisRange>Auto</chartAxisRange>
            <chartSummary>
                <axisBinding>y</axisBinding>
                <column>FORMULA2</column>
            </chartSummary>
            <componentType>Donut</componentType>
            <dashboardFilterColumns>
                <column>PC_LEAD_SOURCE</column>
            </dashboardFilterColumns>
            <displayUnits>Auto</displayUnits>
            <drillEnabled>false</drillEnabled>
            <drillToDetailEnabled>false</drillToDetailEnabled>
            <enableHover>false</enableHover>
            <expandOthers>false</expandOthers>
            <groupingColumn>PC_LEAD_SOURCE</groupingColumn>
            <header>% of Records</header>
            <legendPosition>Right</legendPosition>
            <report>SFDC_IT_Reporting/Won_Loans_Lead_Source_Rev_2016</report>
            <showPercentage>true</showPercentage>
            <showTotal>false</showTotal>
            <showValues>false</showValues>
            <sortBy>RowLabelAscending</sortBy>
            <title>2016 Lead Source - Won Loans</title>
            <useReportChart>false</useReportChart>
        </components>
        <components>
            <autoselectColumnsFromReport>false</autoselectColumnsFromReport>
            <chartAxisRange>Auto</chartAxisRange>
            <chartSummary>
                <axisBinding>y</axisBinding>
                <column>RowCount</column>
            </chartSummary>
            <componentType>Donut</componentType>
            <dashboardFilterColumns>
                <column>Lead$ConvertedContact.LeadSource</column>
            </dashboardFilterColumns>
            <displayUnits>Integer</displayUnits>
            <drillEnabled>false</drillEnabled>
            <drillToDetailEnabled>false</drillToDetailEnabled>
            <enableHover>false</enableHover>
            <expandOthers>false</expandOthers>
            <groupingColumn>Lead$LeadSource</groupingColumn>
            <header>Current Year</header>
            <legendPosition>Bottom</legendPosition>
            <report>SFDC_IT_Reporting/Lead_Source_on_Leads</report>
            <showPercentage>true</showPercentage>
            <showTotal>false</showTotal>
            <showValues>false</showValues>
            <sortBy>RowLabelAscending</sortBy>
            <title>Lead Source on all Leads</title>
            <useReportChart>false</useReportChart>
        </components>
        <components>
            <autoselectColumnsFromReport>false</autoselectColumnsFromReport>
            <chartAxisRange>Auto</chartAxisRange>
            <chartSummary>
                <axisBinding>y</axisBinding>
                <column>RowCount</column>
            </chartSummary>
            <componentType>Donut</componentType>
            <dashboardFilterColumns>
                <column>LEAD_SOURCE</column>
            </dashboardFilterColumns>
            <displayUnits>Auto</displayUnits>
            <drillEnabled>false</drillEnabled>
            <drillToDetailEnabled>false</drillToDetailEnabled>
            <enableHover>false</enableHover>
            <expandOthers>false</expandOthers>
            <groupingColumn>LEAD_SOURCE</groupingColumn>
            <header>All Time</header>
            <legendPosition>Bottom</legendPosition>
            <report>SFDC_IT_Reporting/Person_Account_Lead_Sources</report>
            <showPercentage>true</showPercentage>
            <showTotal>false</showTotal>
            <showValues>false</showValues>
            <sortBy>RowLabelAscending</sortBy>
            <title>Lead Source on Person Accounts</title>
            <useReportChart>false</useReportChart>
        </components>
    </rightSection>
    <runningUser>tony.demarco@visiolending.com</runningUser>
    <textColor>#000000</textColor>
    <title>Lead Source Analysis</title>
    <titleColor>#000000</titleColor>
    <titleSize>12</titleSize>
</Dashboard>
