<?xml version="1.0" encoding="UTF-8"?>
<Dashboard xmlns="http://soap.sforce.com/2006/04/metadata">
    <backgroundEndColor>#FFFFFF</backgroundEndColor>
    <backgroundFadeDirection>Diagonal</backgroundFadeDirection>
    <backgroundStartColor>#FFFFFF</backgroundStartColor>
    <dashboardType>SpecifiedUser</dashboardType>
    <isGridLayout>false</isGridLayout>
    <leftSection>
        <columnSize>Wide</columnSize>
        <components>
            <autoselectColumnsFromReport>false</autoselectColumnsFromReport>
            <chartAxisRange>Auto</chartAxisRange>
            <chartSummary>
                <axisBinding>y</axisBinding>
                <column>RowCount</column>
            </chartSummary>
            <componentType>ColumnGrouped</componentType>
            <displayUnits>Integer</displayUnits>
            <drillEnabled>false</drillEnabled>
            <drillToDetailEnabled>false</drillToDetailEnabled>
            <enableHover>false</enableHover>
            <expandOthers>false</expandOthers>
            <groupingColumn>Account$CreatedBy.Profile</groupingColumn>
            <groupingColumn>Account$CreatedBy.UserRole</groupingColumn>
            <legendPosition>Bottom</legendPosition>
            <report>SFDC_IT_Reporting/Accounts_Record_Creators</report>
            <showPercentage>false</showPercentage>
            <showValues>false</showValues>
            <sortBy>RowValueAscending</sortBy>
            <title>Accounts</title>
            <useReportChart>false</useReportChart>
        </components>
        <components>
            <autoselectColumnsFromReport>false</autoselectColumnsFromReport>
            <chartAxisRange>Auto</chartAxisRange>
            <chartSummary>
                <axisBinding>y</axisBinding>
                <column>RowCount</column>
            </chartSummary>
            <componentType>ColumnGrouped</componentType>
            <displayUnits>Auto</displayUnits>
            <drillEnabled>false</drillEnabled>
            <drillToDetailEnabled>false</drillToDetailEnabled>
            <enableHover>false</enableHover>
            <expandOthers>false</expandOthers>
            <groupingColumn>QC__c$CreatedBy.Profile</groupingColumn>
            <groupingColumn>QC__c$CreatedBy.UserRole</groupingColumn>
            <legendPosition>Bottom</legendPosition>
            <report>SFDC_IT_Reporting/Quality_Control_Record_Creators</report>
            <showPercentage>false</showPercentage>
            <showValues>false</showValues>
            <sortBy>RowValueAscending</sortBy>
            <title>Quality Control</title>
            <useReportChart>false</useReportChart>
        </components>
        <components>
            <autoselectColumnsFromReport>false</autoselectColumnsFromReport>
            <chartAxisRange>Auto</chartAxisRange>
            <chartSummary>
                <axisBinding>y</axisBinding>
                <column>RowCount</column>
            </chartSummary>
            <componentType>ColumnGrouped</componentType>
            <displayUnits>Integer</displayUnits>
            <drillEnabled>false</drillEnabled>
            <drillToDetailEnabled>false</drillToDetailEnabled>
            <enableHover>false</enableHover>
            <expandOthers>false</expandOthers>
            <groupingColumn>Title_Review__c$CreatedBy.Profile</groupingColumn>
            <groupingColumn>Title_Review__c$CreatedBy.UserRole</groupingColumn>
            <legendPosition>Bottom</legendPosition>
            <report>SFDC_IT_Reporting/Title_Review_Record_Creators</report>
            <showPercentage>false</showPercentage>
            <showValues>false</showValues>
            <sortBy>RowValueAscending</sortBy>
            <title>Title Review</title>
            <useReportChart>false</useReportChart>
        </components>
        <components>
            <autoselectColumnsFromReport>false</autoselectColumnsFromReport>
            <chartAxisRange>Auto</chartAxisRange>
            <chartSummary>
                <axisBinding>y</axisBinding>
                <column>RowCount</column>
            </chartSummary>
            <componentType>ColumnGrouped</componentType>
            <displayUnits>Integer</displayUnits>
            <drillEnabled>false</drillEnabled>
            <drillToDetailEnabled>false</drillToDetailEnabled>
            <enableHover>false</enableHover>
            <expandOthers>false</expandOthers>
            <groupingColumn>LASERCA__Trade_Accounts__c$CreatedBy.Profile</groupingColumn>
            <groupingColumn>LASERCA__Trade_Accounts__c$CreatedBy.UserRole</groupingColumn>
            <legendPosition>Bottom</legendPosition>
            <report>SFDC_IT_Reporting/Trade_Accounts_Record_Creator</report>
            <showPercentage>false</showPercentage>
            <showValues>false</showValues>
            <sortBy>RowValueAscending</sortBy>
            <title>Trade Accounts</title>
            <useReportChart>false</useReportChart>
        </components>
        <components>
            <autoselectColumnsFromReport>false</autoselectColumnsFromReport>
            <chartAxisRange>Auto</chartAxisRange>
            <chartSummary>
                <axisBinding>y</axisBinding>
                <column>RowCount</column>
            </chartSummary>
            <componentType>ColumnGrouped</componentType>
            <displayUnits>Integer</displayUnits>
            <drillEnabled>false</drillEnabled>
            <drillToDetailEnabled>false</drillToDetailEnabled>
            <enableHover>false</enableHover>
            <expandOthers>false</expandOthers>
            <groupingColumn>Jr_Processing_Tasks__c$CreatedBy.Profile</groupingColumn>
            <groupingColumn>Jr_Processing_Tasks__c$CreatedBy.Profile</groupingColumn>
            <legendPosition>Bottom</legendPosition>
            <report>SFDC_IT_Reporting/Jr_Processing_Tasks_Record_Creators</report>
            <showPercentage>false</showPercentage>
            <showValues>false</showValues>
            <sortBy>RowValueAscending</sortBy>
            <title>Jr Processing Tasks</title>
            <useReportChart>false</useReportChart>
        </components>
        <components>
            <autoselectColumnsFromReport>false</autoselectColumnsFromReport>
            <chartAxisRange>Auto</chartAxisRange>
            <chartSummary>
                <axisBinding>y</axisBinding>
                <column>RowCount</column>
            </chartSummary>
            <componentType>ColumnGrouped</componentType>
            <displayUnits>Auto</displayUnits>
            <drillEnabled>false</drillEnabled>
            <drillToDetailEnabled>false</drillToDetailEnabled>
            <enableHover>false</enableHover>
            <expandOthers>false</expandOthers>
            <groupingColumn>Post_Close_Cases__c$CreatedBy.Profile</groupingColumn>
            <groupingColumn>Post_Close_Cases__c$CreatedBy.UserRole</groupingColumn>
            <legendPosition>Bottom</legendPosition>
            <report>SFDC_IT_Reporting/Post_Close_Cases_Record_Creator</report>
            <showPercentage>false</showPercentage>
            <showValues>false</showValues>
            <sortBy>RowValueAscending</sortBy>
            <title>Post Close Cases</title>
            <useReportChart>false</useReportChart>
        </components>
    </leftSection>
    <middleSection>
        <columnSize>Wide</columnSize>
        <components>
            <autoselectColumnsFromReport>false</autoselectColumnsFromReport>
            <chartAxisRange>Auto</chartAxisRange>
            <chartSummary>
                <axisBinding>y</axisBinding>
                <column>RowCount</column>
            </chartSummary>
            <componentType>ColumnGrouped</componentType>
            <displayUnits>Integer</displayUnits>
            <drillEnabled>false</drillEnabled>
            <drillToDetailEnabled>false</drillToDetailEnabled>
            <enableHover>false</enableHover>
            <expandOthers>false</expandOthers>
            <groupingColumn>Opportunity$CreatedBy.Profile</groupingColumn>
            <groupingColumn>Opportunity$CreatedBy.UserRole</groupingColumn>
            <legendPosition>Bottom</legendPosition>
            <report>SFDC_IT_Reporting/Loans_Record_Creators</report>
            <showPercentage>false</showPercentage>
            <showValues>false</showValues>
            <sortBy>RowValueAscending</sortBy>
            <title>Loans</title>
            <useReportChart>false</useReportChart>
        </components>
        <components>
            <autoselectColumnsFromReport>false</autoselectColumnsFromReport>
            <chartAxisRange>Auto</chartAxisRange>
            <chartSummary>
                <axisBinding>y</axisBinding>
                <column>RowCount</column>
            </chartSummary>
            <componentType>ColumnGrouped</componentType>
            <displayUnits>Auto</displayUnits>
            <drillEnabled>false</drillEnabled>
            <drillToDetailEnabled>false</drillToDetailEnabled>
            <enableHover>false</enableHover>
            <expandOthers>false</expandOthers>
            <groupingColumn>STC_Sent_to_Closing__c$CreatedBy.Profile</groupingColumn>
            <groupingColumn>STC_Sent_to_Closing__c$CreatedBy.UserRole</groupingColumn>
            <legendPosition>Bottom</legendPosition>
            <report>SFDC_IT_Reporting/STC_Record_Creators</report>
            <showPercentage>false</showPercentage>
            <showValues>false</showValues>
            <sortBy>RowValueAscending</sortBy>
            <title>STC - Sent to Closing</title>
            <useReportChart>false</useReportChart>
        </components>
        <components>
            <autoselectColumnsFromReport>false</autoselectColumnsFromReport>
            <chartAxisRange>Auto</chartAxisRange>
            <chartSummary>
                <axisBinding>y</axisBinding>
                <column>RowCount</column>
            </chartSummary>
            <componentType>ColumnGrouped</componentType>
            <displayUnits>Integer</displayUnits>
            <drillEnabled>false</drillEnabled>
            <drillToDetailEnabled>false</drillToDetailEnabled>
            <enableHover>false</enableHover>
            <expandOthers>false</expandOthers>
            <groupingColumn>PLUP__c$CreatedBy.Profile</groupingColumn>
            <groupingColumn>PLUP__c$CreatedBy.UserRole</groupingColumn>
            <legendPosition>Bottom</legendPosition>
            <report>SFDC_IT_Reporting/Portfolio_Properties_Record_Creators</report>
            <showPercentage>false</showPercentage>
            <showValues>false</showValues>
            <sortBy>RowValueAscending</sortBy>
            <title>Portfolio Properties</title>
            <useReportChart>false</useReportChart>
        </components>
        <components>
            <autoselectColumnsFromReport>false</autoselectColumnsFromReport>
            <chartAxisRange>Auto</chartAxisRange>
            <chartSummary>
                <axisBinding>y</axisBinding>
                <column>RowCount</column>
            </chartSummary>
            <componentType>ColumnGrouped</componentType>
            <displayUnits>Integer</displayUnits>
            <drillEnabled>false</drillEnabled>
            <drillToDetailEnabled>false</drillToDetailEnabled>
            <enableHover>false</enableHover>
            <expandOthers>false</expandOthers>
            <groupingColumn>LASERCA__Inquiries__c$CreatedBy.Profile</groupingColumn>
            <groupingColumn>LASERCA__Inquiries__c$CreatedBy.UserRole</groupingColumn>
            <legendPosition>Bottom</legendPosition>
            <report>SFDC_IT_Reporting/Inquiries_Record_Creators</report>
            <showPercentage>false</showPercentage>
            <showValues>false</showValues>
            <sortBy>RowValueAscending</sortBy>
            <title>Inquiries</title>
            <useReportChart>false</useReportChart>
        </components>
        <components>
            <autoselectColumnsFromReport>false</autoselectColumnsFromReport>
            <chartAxisRange>Auto</chartAxisRange>
            <chartSummary>
                <axisBinding>y</axisBinding>
                <column>RowCount</column>
            </chartSummary>
            <componentType>ColumnGrouped</componentType>
            <displayUnits>Auto</displayUnits>
            <drillEnabled>false</drillEnabled>
            <drillToDetailEnabled>false</drillToDetailEnabled>
            <enableHover>false</enableHover>
            <expandOthers>false</expandOthers>
            <groupingColumn>Exceptions__c$CreatedBy.Profile</groupingColumn>
            <groupingColumn>Exceptions__c$CreatedBy.UserRole</groupingColumn>
            <legendPosition>Bottom</legendPosition>
            <report>SFDC_IT_Reporting/Exception_or_Enhanced_Review_Record_Cs</report>
            <showPercentage>false</showPercentage>
            <showValues>false</showValues>
            <sortBy>RowLabelDescending</sortBy>
            <title>Exception or Enhanced Review</title>
            <useReportChart>false</useReportChart>
        </components>
        <components>
            <autoselectColumnsFromReport>false</autoselectColumnsFromReport>
            <chartAxisRange>Auto</chartAxisRange>
            <chartSummary>
                <axisBinding>y</axisBinding>
                <column>RowCount</column>
            </chartSummary>
            <componentType>ColumnGrouped</componentType>
            <displayUnits>Integer</displayUnits>
            <drillEnabled>false</drillEnabled>
            <drillToDetailEnabled>false</drillToDetailEnabled>
            <enableHover>false</enableHover>
            <expandOthers>false</expandOthers>
            <groupingColumn>LASERCA__Public_Records__c$CreatedBy.Profile</groupingColumn>
            <groupingColumn>LASERCA__Public_Records__c$CreatedBy.UserRole</groupingColumn>
            <legendPosition>Bottom</legendPosition>
            <report>SFDC_IT_Reporting/Public_Records_Record_Creators</report>
            <showPercentage>false</showPercentage>
            <showValues>false</showValues>
            <sortBy>RowValueAscending</sortBy>
            <title>Public Records</title>
            <useReportChart>false</useReportChart>
        </components>
    </middleSection>
    <rightSection>
        <columnSize>Wide</columnSize>
        <components>
            <autoselectColumnsFromReport>false</autoselectColumnsFromReport>
            <chartAxisRange>Auto</chartAxisRange>
            <chartSummary>
                <axisBinding>y</axisBinding>
                <column>RowCount</column>
            </chartSummary>
            <componentType>ColumnGrouped</componentType>
            <displayUnits>Integer</displayUnits>
            <drillEnabled>false</drillEnabled>
            <drillToDetailEnabled>false</drillToDetailEnabled>
            <enableHover>false</enableHover>
            <expandOthers>false</expandOthers>
            <groupingColumn>Contact$CreatedBy.Profile</groupingColumn>
            <groupingColumn>Contact$CreatedBy.UserRole</groupingColumn>
            <legendPosition>Bottom</legendPosition>
            <report>SFDC_IT_Reporting/Contacts_Record_Creators</report>
            <showPercentage>false</showPercentage>
            <showValues>false</showValues>
            <sortBy>RowValueAscending</sortBy>
            <title>Contacts</title>
            <useReportChart>false</useReportChart>
        </components>
        <components>
            <autoselectColumnsFromReport>false</autoselectColumnsFromReport>
            <chartAxisRange>Auto</chartAxisRange>
            <chartSummary>
                <axisBinding>y</axisBinding>
                <column>RowCount</column>
            </chartSummary>
            <componentType>ColumnGrouped</componentType>
            <displayUnits>Integer</displayUnits>
            <drillEnabled>false</drillEnabled>
            <drillToDetailEnabled>false</drillToDetailEnabled>
            <enableHover>false</enableHover>
            <expandOthers>false</expandOthers>
            <groupingColumn>Activity$CreatedBy.Profile</groupingColumn>
            <groupingColumn>Activity$CreatedBy.UserRole</groupingColumn>
            <legendPosition>Bottom</legendPosition>
            <report>SFDC_IT_Reporting/Activities_Record_Creators</report>
            <showPercentage>false</showPercentage>
            <showValues>false</showValues>
            <sortBy>RowValueAscending</sortBy>
            <title>Activities</title>
            <useReportChart>false</useReportChart>
        </components>
        <components>
            <autoselectColumnsFromReport>false</autoselectColumnsFromReport>
            <chartAxisRange>Auto</chartAxisRange>
            <chartSummary>
                <axisBinding>y</axisBinding>
                <column>RowCount</column>
            </chartSummary>
            <componentType>ColumnGrouped</componentType>
            <displayUnits>Integer</displayUnits>
            <drillEnabled>false</drillEnabled>
            <drillToDetailEnabled>false</drillToDetailEnabled>
            <enableHover>false</enableHover>
            <expandOthers>false</expandOthers>
            <groupingColumn>MRApproval__c$CreatedBy.Profile</groupingColumn>
            <groupingColumn>MRApproval__c$CreatedBy.UserRole</groupingColumn>
            <legendPosition>Bottom</legendPosition>
            <report>SFDC_IT_Reporting/Manual_Rate_Approvals_Record_Creators</report>
            <showPercentage>false</showPercentage>
            <showValues>false</showValues>
            <sortBy>RowValueAscending</sortBy>
            <title>Manual Rate Approvals</title>
            <useReportChart>false</useReportChart>
        </components>
        <components>
            <autoselectColumnsFromReport>false</autoselectColumnsFromReport>
            <chartAxisRange>Auto</chartAxisRange>
            <chartSummary>
                <axisBinding>y</axisBinding>
                <column>RowCount</column>
            </chartSummary>
            <componentType>ColumnGrouped</componentType>
            <displayUnits>Integer</displayUnits>
            <drillEnabled>false</drillEnabled>
            <drillToDetailEnabled>false</drillToDetailEnabled>
            <enableHover>false</enableHover>
            <expandOthers>false</expandOthers>
            <groupingColumn>LASERCA__Personal_Credit_Report__c$CreatedBy.Profile</groupingColumn>
            <groupingColumn>LASERCA__Personal_Credit_Report__c$CreatedBy.UserRole</groupingColumn>
            <legendPosition>Bottom</legendPosition>
            <report>SFDC_IT_Reporting/Personal_Credit_Report_Record_Creator</report>
            <showPercentage>false</showPercentage>
            <showValues>false</showValues>
            <sortBy>RowValueAscending</sortBy>
            <title>Personal Credit Account</title>
            <useReportChart>false</useReportChart>
        </components>
        <components>
            <autoselectColumnsFromReport>true</autoselectColumnsFromReport>
            <chartAxisRange>Auto</chartAxisRange>
            <componentType>ColumnGrouped</componentType>
            <displayUnits>Integer</displayUnits>
            <drillEnabled>false</drillEnabled>
            <drillToDetailEnabled>false</drillToDetailEnabled>
            <enableHover>false</enableHover>
            <expandOthers>false</expandOthers>
            <legendPosition>Bottom</legendPosition>
            <report>SFDC_IT_Reporting/Employment_Record_Creators</report>
            <showPercentage>false</showPercentage>
            <showValues>false</showValues>
            <sortBy>RowValueAscending</sortBy>
            <title>Employment</title>
            <useReportChart>false</useReportChart>
        </components>
        <components>
            <autoselectColumnsFromReport>false</autoselectColumnsFromReport>
            <chartAxisRange>Auto</chartAxisRange>
            <chartSummary>
                <axisBinding>y</axisBinding>
                <column>RowCount</column>
            </chartSummary>
            <componentType>ColumnGrouped</componentType>
            <displayUnits>Integer</displayUnits>
            <drillEnabled>false</drillEnabled>
            <drillToDetailEnabled>false</drillToDetailEnabled>
            <enableHover>false</enableHover>
            <expandOthers>false</expandOthers>
            <groupingColumn>LASERCA__Regulatory_Product__c$CreatedBy.Profile</groupingColumn>
            <groupingColumn>LASERCA__Regulatory_Product__c$CreatedBy.UserRole</groupingColumn>
            <legendPosition>Bottom</legendPosition>
            <report>SFDC_IT_Reporting/Regulatory_Product_Record_Creator</report>
            <showPercentage>false</showPercentage>
            <showValues>false</showValues>
            <sortBy>RowValueAscending</sortBy>
            <title>Regulatory Products</title>
            <useReportChart>false</useReportChart>
        </components>
    </rightSection>
    <runningUser>tony.demarco@visiolending.com</runningUser>
    <textColor>#000000</textColor>
    <title>Record Creation by Profiles/Roles</title>
    <titleColor>#000000</titleColor>
    <titleSize>12</titleSize>
</Dashboard>
