<?xml version="1.0" encoding="UTF-8"?>
<CleanDataService xmlns="http://soap.sforce.com/2006/04/metadata">
    <cleanRules>
        <bulkEnabled>true</bulkEnabled>
        <bypassTriggers>true</bypassTriggers>
        <bypassWorkflow>true</bypassWorkflow>
        <description>Adds geocodes for Shipping Address</description>
        <developerName>Account_Geo_Clean_Rule_for_Shipping_Address</developerName>
        <fieldMappings>
            <SObjectType>DatacloudAddress</SObjectType>
            <developerName>Account_Geo_Clean_Rule_for_Shipping_AddressInputMapping</developerName>
            <fieldMappingRows>
                <SObjectType>DatacloudAddress</SObjectType>
                <fieldMappingFields>
                    <dataServiceField>ShippingStreet</dataServiceField>
                    <dataServiceObjectName>Account</dataServiceObjectName>
                    <priority>1</priority>
                </fieldMappingFields>
                <fieldName>AddressLine1</fieldName>
                <mappingOperation>Autofill</mappingOperation>
            </fieldMappingRows>
            <fieldMappingRows>
                <SObjectType>DatacloudAddress</SObjectType>
                <fieldMappingFields>
                    <dataServiceField>ShippingCity</dataServiceField>
                    <dataServiceObjectName>Account</dataServiceObjectName>
                    <priority>1</priority>
                </fieldMappingFields>
                <fieldName>City</fieldName>
                <mappingOperation>Autofill</mappingOperation>
            </fieldMappingRows>
            <fieldMappingRows>
                <SObjectType>DatacloudAddress</SObjectType>
                <fieldMappingFields>
                    <dataServiceField>ShippingPostalCode</dataServiceField>
                    <dataServiceObjectName>Account</dataServiceObjectName>
                    <priority>1</priority>
                </fieldMappingFields>
                <fieldName>PostalCode</fieldName>
                <mappingOperation>Autofill</mappingOperation>
            </fieldMappingRows>
            <fieldMappingRows>
                <SObjectType>DatacloudAddress</SObjectType>
                <fieldMappingFields>
                    <dataServiceField>ShippingState</dataServiceField>
                    <dataServiceObjectName>Account</dataServiceObjectName>
                    <priority>1</priority>
                </fieldMappingFields>
                <fieldName>State</fieldName>
                <mappingOperation>Autofill</mappingOperation>
            </fieldMappingRows>
            <fieldMappingRows>
                <SObjectType>DatacloudAddress</SObjectType>
                <fieldMappingFields>
                    <dataServiceField>ShippingCountry</dataServiceField>
                    <dataServiceObjectName>Account</dataServiceObjectName>
                    <priority>1</priority>
                </fieldMappingFields>
                <fieldName>Country</fieldName>
                <mappingOperation>Autofill</mappingOperation>
            </fieldMappingRows>
            <masterLabel>AccountShippingInputMapping</masterLabel>
        </fieldMappings>
        <fieldMappings>
            <SObjectType>Account</SObjectType>
            <developerName>Account_Geo_Clean_Rule_for_Shipping_AddressOutputMapping</developerName>
            <fieldMappingRows>
                <SObjectType>Account</SObjectType>
                <fieldMappingFields>
                    <dataServiceField>GeoAccuracyNum</dataServiceField>
                    <dataServiceObjectName>DatacloudAddress</dataServiceObjectName>
                    <priority>1</priority>
                </fieldMappingFields>
                <fieldName>ShippingGeocodeAccuracy</fieldName>
                <mappingOperation>Autofill</mappingOperation>
            </fieldMappingRows>
            <fieldMappingRows>
                <SObjectType>Account</SObjectType>
                <fieldMappingFields>
                    <dataServiceField>Latitude</dataServiceField>
                    <dataServiceObjectName>DatacloudAddress</dataServiceObjectName>
                    <priority>1</priority>
                </fieldMappingFields>
                <fieldName>ShippingLatitude</fieldName>
                <mappingOperation>Autofill</mappingOperation>
            </fieldMappingRows>
            <fieldMappingRows>
                <SObjectType>Account</SObjectType>
                <fieldMappingFields>
                    <dataServiceField>Longitude</dataServiceField>
                    <dataServiceObjectName>DatacloudAddress</dataServiceObjectName>
                    <priority>1</priority>
                </fieldMappingFields>
                <fieldName>ShippingLongitude</fieldName>
                <mappingOperation>Autofill</mappingOperation>
            </fieldMappingRows>
            <masterLabel>AccountShippingOutputMapping</masterLabel>
        </fieldMappings>
        <masterLabel>Geocodes for Account Shipping Address</masterLabel>
        <matchRule>DatacloudAddressMatchRule</matchRule>
        <sourceSobjectType>DatacloudAddress</sourceSobjectType>
        <status>Inactive</status>
        <targetSobjectType>Account</targetSobjectType>
    </cleanRules>
    <cleanRules>
        <bulkEnabled>true</bulkEnabled>
        <bypassTriggers>true</bypassTriggers>
        <bypassWorkflow>true</bypassWorkflow>
        <description>Adds geocodes for Mailing Address</description>
        <developerName>Contact_Geo_Clean_Rule_for_Mailing_Address</developerName>
        <fieldMappings>
            <SObjectType>Contact</SObjectType>
            <developerName>Contact_Geo_Clean_Rule_for_Mailing_AddressOutputMapping</developerName>
            <fieldMappingRows>
                <SObjectType>Contact</SObjectType>
                <fieldMappingFields>
                    <dataServiceField>GeoAccuracyNum</dataServiceField>
                    <dataServiceObjectName>DatacloudAddress</dataServiceObjectName>
                    <priority>1</priority>
                </fieldMappingFields>
                <fieldName>MailingGeocodeAccuracy</fieldName>
                <mappingOperation>Autofill</mappingOperation>
            </fieldMappingRows>
            <fieldMappingRows>
                <SObjectType>Contact</SObjectType>
                <fieldMappingFields>
                    <dataServiceField>Latitude</dataServiceField>
                    <dataServiceObjectName>DatacloudAddress</dataServiceObjectName>
                    <priority>1</priority>
                </fieldMappingFields>
                <fieldName>MailingLatitude</fieldName>
                <mappingOperation>Autofill</mappingOperation>
            </fieldMappingRows>
            <fieldMappingRows>
                <SObjectType>Contact</SObjectType>
                <fieldMappingFields>
                    <dataServiceField>Longitude</dataServiceField>
                    <dataServiceObjectName>DatacloudAddress</dataServiceObjectName>
                    <priority>1</priority>
                </fieldMappingFields>
                <fieldName>MailingLongitude</fieldName>
                <mappingOperation>Autofill</mappingOperation>
            </fieldMappingRows>
            <masterLabel>ContactOutputMapping</masterLabel>
        </fieldMappings>
        <fieldMappings>
            <SObjectType>DatacloudAddress</SObjectType>
            <developerName>Contact_Geo_Clean_Rule_for_Mailing_AddressInputMapping</developerName>
            <fieldMappingRows>
                <SObjectType>DatacloudAddress</SObjectType>
                <fieldMappingFields>
                    <dataServiceField>MailingStreet</dataServiceField>
                    <dataServiceObjectName>Contact</dataServiceObjectName>
                    <priority>1</priority>
                </fieldMappingFields>
                <fieldName>AddressLine1</fieldName>
                <mappingOperation>Autofill</mappingOperation>
            </fieldMappingRows>
            <fieldMappingRows>
                <SObjectType>DatacloudAddress</SObjectType>
                <fieldMappingFields>
                    <dataServiceField>MailingCity</dataServiceField>
                    <dataServiceObjectName>Contact</dataServiceObjectName>
                    <priority>1</priority>
                </fieldMappingFields>
                <fieldName>City</fieldName>
                <mappingOperation>Autofill</mappingOperation>
            </fieldMappingRows>
            <fieldMappingRows>
                <SObjectType>DatacloudAddress</SObjectType>
                <fieldMappingFields>
                    <dataServiceField>MailingPostalCode</dataServiceField>
                    <dataServiceObjectName>Contact</dataServiceObjectName>
                    <priority>1</priority>
                </fieldMappingFields>
                <fieldName>PostalCode</fieldName>
                <mappingOperation>Autofill</mappingOperation>
            </fieldMappingRows>
            <fieldMappingRows>
                <SObjectType>DatacloudAddress</SObjectType>
                <fieldMappingFields>
                    <dataServiceField>MailingState</dataServiceField>
                    <dataServiceObjectName>Contact</dataServiceObjectName>
                    <priority>1</priority>
                </fieldMappingFields>
                <fieldName>State</fieldName>
                <mappingOperation>Autofill</mappingOperation>
            </fieldMappingRows>
            <fieldMappingRows>
                <SObjectType>DatacloudAddress</SObjectType>
                <fieldMappingFields>
                    <dataServiceField>MailingCountry</dataServiceField>
                    <dataServiceObjectName>Contact</dataServiceObjectName>
                    <priority>1</priority>
                </fieldMappingFields>
                <fieldName>Country</fieldName>
                <mappingOperation>Autofill</mappingOperation>
            </fieldMappingRows>
            <masterLabel>ContactInputMapping</masterLabel>
        </fieldMappings>
        <masterLabel>Geocodes for Contact Mailing Address</masterLabel>
        <matchRule>DatacloudAddressMatchRule</matchRule>
        <sourceSobjectType>DatacloudAddress</sourceSobjectType>
        <status>Inactive</status>
        <targetSobjectType>Contact</targetSobjectType>
    </cleanRules>
    <cleanRules>
        <bulkEnabled>true</bulkEnabled>
        <bypassTriggers>true</bypassTriggers>
        <bypassWorkflow>true</bypassWorkflow>
        <description>Adds geocodes for Address</description>
        <developerName>Lead_Geo_Clean_Rule_for_Address</developerName>
        <fieldMappings>
            <SObjectType>DatacloudAddress</SObjectType>
            <developerName>Lead_Geo_Clean_Rule_for_AddressInputMapping</developerName>
            <fieldMappingRows>
                <SObjectType>DatacloudAddress</SObjectType>
                <fieldMappingFields>
                    <dataServiceField>Street</dataServiceField>
                    <dataServiceObjectName>Lead</dataServiceObjectName>
                    <priority>1</priority>
                </fieldMappingFields>
                <fieldName>AddressLine1</fieldName>
                <mappingOperation>Autofill</mappingOperation>
            </fieldMappingRows>
            <fieldMappingRows>
                <SObjectType>DatacloudAddress</SObjectType>
                <fieldMappingFields>
                    <dataServiceField>City</dataServiceField>
                    <dataServiceObjectName>Lead</dataServiceObjectName>
                    <priority>1</priority>
                </fieldMappingFields>
                <fieldName>City</fieldName>
                <mappingOperation>Autofill</mappingOperation>
            </fieldMappingRows>
            <fieldMappingRows>
                <SObjectType>DatacloudAddress</SObjectType>
                <fieldMappingFields>
                    <dataServiceField>PostalCode</dataServiceField>
                    <dataServiceObjectName>Lead</dataServiceObjectName>
                    <priority>1</priority>
                </fieldMappingFields>
                <fieldName>PostalCode</fieldName>
                <mappingOperation>Autofill</mappingOperation>
            </fieldMappingRows>
            <fieldMappingRows>
                <SObjectType>DatacloudAddress</SObjectType>
                <fieldMappingFields>
                    <dataServiceField>State</dataServiceField>
                    <dataServiceObjectName>Lead</dataServiceObjectName>
                    <priority>1</priority>
                </fieldMappingFields>
                <fieldName>State</fieldName>
                <mappingOperation>Autofill</mappingOperation>
            </fieldMappingRows>
            <fieldMappingRows>
                <SObjectType>DatacloudAddress</SObjectType>
                <fieldMappingFields>
                    <dataServiceField>Country</dataServiceField>
                    <dataServiceObjectName>Lead</dataServiceObjectName>
                    <priority>1</priority>
                </fieldMappingFields>
                <fieldName>Country</fieldName>
                <mappingOperation>Autofill</mappingOperation>
            </fieldMappingRows>
            <masterLabel>LeadInputMapping</masterLabel>
        </fieldMappings>
        <fieldMappings>
            <SObjectType>Lead</SObjectType>
            <developerName>Lead_Geo_Clean_Rule_for_AddressOutputMapping</developerName>
            <fieldMappingRows>
                <SObjectType>Lead</SObjectType>
                <fieldMappingFields>
                    <dataServiceField>GeoAccuracyNum</dataServiceField>
                    <dataServiceObjectName>DatacloudAddress</dataServiceObjectName>
                    <priority>1</priority>
                </fieldMappingFields>
                <fieldName>GeocodeAccuracy</fieldName>
                <mappingOperation>Autofill</mappingOperation>
            </fieldMappingRows>
            <fieldMappingRows>
                <SObjectType>Lead</SObjectType>
                <fieldMappingFields>
                    <dataServiceField>Latitude</dataServiceField>
                    <dataServiceObjectName>DatacloudAddress</dataServiceObjectName>
                    <priority>1</priority>
                </fieldMappingFields>
                <fieldName>Latitude</fieldName>
                <mappingOperation>Autofill</mappingOperation>
            </fieldMappingRows>
            <fieldMappingRows>
                <SObjectType>Lead</SObjectType>
                <fieldMappingFields>
                    <dataServiceField>Longitude</dataServiceField>
                    <dataServiceObjectName>DatacloudAddress</dataServiceObjectName>
                    <priority>1</priority>
                </fieldMappingFields>
                <fieldName>Longitude</fieldName>
                <mappingOperation>Autofill</mappingOperation>
            </fieldMappingRows>
            <masterLabel>LeadOutputMapping</masterLabel>
        </fieldMappings>
        <masterLabel>Geocodes for Lead Address</masterLabel>
        <matchRule>DatacloudAddressMatchRule</matchRule>
        <sourceSobjectType>DatacloudAddress</sourceSobjectType>
        <status>Inactive</status>
        <targetSobjectType>Lead</targetSobjectType>
    </cleanRules>
    <cleanRules>
        <bulkEnabled>true</bulkEnabled>
        <bypassTriggers>true</bypassTriggers>
        <bypassWorkflow>true</bypassWorkflow>
        <description>Adds geocodes for Billing Address</description>
        <developerName>Account_Geo_Clean_Rule_for_Billing_Address</developerName>
        <fieldMappings>
            <SObjectType>DatacloudAddress</SObjectType>
            <developerName>Account_Geo_Clean_Rule_for_Billing_AddressInputMapping</developerName>
            <fieldMappingRows>
                <SObjectType>DatacloudAddress</SObjectType>
                <fieldMappingFields>
                    <dataServiceField>BillingStreet</dataServiceField>
                    <dataServiceObjectName>Account</dataServiceObjectName>
                    <priority>1</priority>
                </fieldMappingFields>
                <fieldName>AddressLine1</fieldName>
                <mappingOperation>Autofill</mappingOperation>
            </fieldMappingRows>
            <fieldMappingRows>
                <SObjectType>DatacloudAddress</SObjectType>
                <fieldMappingFields>
                    <dataServiceField>BillingCity</dataServiceField>
                    <dataServiceObjectName>Account</dataServiceObjectName>
                    <priority>1</priority>
                </fieldMappingFields>
                <fieldName>City</fieldName>
                <mappingOperation>Autofill</mappingOperation>
            </fieldMappingRows>
            <fieldMappingRows>
                <SObjectType>DatacloudAddress</SObjectType>
                <fieldMappingFields>
                    <dataServiceField>BillingPostalCode</dataServiceField>
                    <dataServiceObjectName>Account</dataServiceObjectName>
                    <priority>1</priority>
                </fieldMappingFields>
                <fieldName>PostalCode</fieldName>
                <mappingOperation>Autofill</mappingOperation>
            </fieldMappingRows>
            <fieldMappingRows>
                <SObjectType>DatacloudAddress</SObjectType>
                <fieldMappingFields>
                    <dataServiceField>BillingState</dataServiceField>
                    <dataServiceObjectName>Account</dataServiceObjectName>
                    <priority>1</priority>
                </fieldMappingFields>
                <fieldName>State</fieldName>
                <mappingOperation>Autofill</mappingOperation>
            </fieldMappingRows>
            <fieldMappingRows>
                <SObjectType>DatacloudAddress</SObjectType>
                <fieldMappingFields>
                    <dataServiceField>BillingCountry</dataServiceField>
                    <dataServiceObjectName>Account</dataServiceObjectName>
                    <priority>1</priority>
                </fieldMappingFields>
                <fieldName>Country</fieldName>
                <mappingOperation>Autofill</mappingOperation>
            </fieldMappingRows>
            <masterLabel>AccountBillingInputMapping</masterLabel>
        </fieldMappings>
        <fieldMappings>
            <SObjectType>Account</SObjectType>
            <developerName>Account_Geo_Clean_Rule_for_Billing_AddressOutputMapping</developerName>
            <fieldMappingRows>
                <SObjectType>Account</SObjectType>
                <fieldMappingFields>
                    <dataServiceField>GeoAccuracyNum</dataServiceField>
                    <dataServiceObjectName>DatacloudAddress</dataServiceObjectName>
                    <priority>1</priority>
                </fieldMappingFields>
                <fieldName>BillingGeocodeAccuracy</fieldName>
                <mappingOperation>Autofill</mappingOperation>
            </fieldMappingRows>
            <fieldMappingRows>
                <SObjectType>Account</SObjectType>
                <fieldMappingFields>
                    <dataServiceField>Latitude</dataServiceField>
                    <dataServiceObjectName>DatacloudAddress</dataServiceObjectName>
                    <priority>1</priority>
                </fieldMappingFields>
                <fieldName>BillingLatitude</fieldName>
                <mappingOperation>Autofill</mappingOperation>
            </fieldMappingRows>
            <fieldMappingRows>
                <SObjectType>Account</SObjectType>
                <fieldMappingFields>
                    <dataServiceField>Longitude</dataServiceField>
                    <dataServiceObjectName>DatacloudAddress</dataServiceObjectName>
                    <priority>1</priority>
                </fieldMappingFields>
                <fieldName>BillingLongitude</fieldName>
                <mappingOperation>Autofill</mappingOperation>
            </fieldMappingRows>
            <masterLabel>AccountBillingOutputMapping</masterLabel>
        </fieldMappings>
        <masterLabel>Geocodes for Account Billing Address</masterLabel>
        <matchRule>DatacloudAddressMatchRule</matchRule>
        <sourceSobjectType>DatacloudAddress</sourceSobjectType>
        <status>Inactive</status>
        <targetSobjectType>Account</targetSobjectType>
    </cleanRules>
    <description>Data.com Geo</description>
    <masterLabel>Data.com Geo</masterLabel>
    <matchEngine>DatacloudAddressMatchEngine</matchEngine>
</CleanDataService>
