<?xml version="1.0" encoding="UTF-8"?>
<DashboardFolder xmlns="http://soap.sforce.com/2006/04/metadata">
    <folderShares>
        <accessLevel>EditAllContents</accessLevel>
        <sharedTo>ami.plouff@visiolending.com</sharedTo>
        <sharedToType>User</sharedToType>
    </folderShares>
    <folderShares>
        <accessLevel>Manage</accessLevel>
        <sharedTo>sfadmin@visiolending.com</sharedTo>
        <sharedToType>User</sharedToType>
    </folderShares>
    <name>Company Dashboards</name>
</DashboardFolder>
