<?xml version="1.0" encoding="UTF-8"?>
<DashboardFolder xmlns="http://soap.sforce.com/2006/04/metadata">
    <folderShares>
        <accessLevel>View</accessLevel>
        <sharedTo>AllInternalUsers</sharedTo>
        <sharedToType>Organization</sharedToType>
    </folderShares>
    <folderShares>
        <accessLevel>Manage</accessLevel>
        <sharedTo>Information_Technology</sharedTo>
        <sharedToType>Group</sharedToType>
    </folderShares>
    <name>SFDC/IT Dashboards</name>
</DashboardFolder>
