<?xml version="1.0" encoding="UTF-8"?>
<CustomApplication xmlns="http://soap.sforce.com/2006/04/metadata">
    <formFactors>Large</formFactors>
    <isNavAutoTempTabsDisabled>false</isNavAutoTempTabsDisabled>
    <isNavPersonalizationDisabled>false</isNavPersonalizationDisabled>
    <label>Salesforce CMS</label>
    <navType>Console</navType>
    <tabs>standard-CmsAuthorHome</tabs>
    <uiType>Lightning</uiType>
    <workspaceConfig>
        <mappings>
            <tab>standard-CmsAuthorHome</tab>
        </mappings>
    </workspaceConfig>
</CustomApplication>
