<?xml version="1.0" encoding="UTF-8"?>
<CustomApplication xmlns="http://soap.sforce.com/2006/04/metadata">
    <defaultLandingTab>standard-home</defaultLandingTab>
    <description>For Sales, Marketing and Enablement</description>
    <isNavAutoTempTabsDisabled>false</isNavAutoTempTabsDisabled>
    <isNavPersonalizationDisabled>false</isNavPersonalizationDisabled>
    <label>Visio Sales</label>
    <tabs>standard-Chatter</tabs>
    <tabs>standard-Account</tabs>
    <tabs>standard-Opportunity</tabs>
    <tabs>standard-report</tabs>
    <tabs>standard-File</tabs>
    <tabs>standard-Dashboard</tabs>
    <tabs>standard-Document</tabs>
    <tabs>standard-Lead</tabs>
    <tabs>standard-Campaign</tabs>
</CustomApplication>
