<?xml version="1.0" encoding="UTF-8"?>
<CustomApplication xmlns="http://soap.sforce.com/2006/04/metadata">
    <defaultLandingTab>standard-home</defaultLandingTab>
    <description>Operations tab</description>
    <isNavAutoTempTabsDisabled>false</isNavAutoTempTabsDisabled>
    <isNavPersonalizationDisabled>false</isNavPersonalizationDisabled>
    <label>Visio Operations</label>
    <tabs>standard-Chatter</tabs>
    <tabs>standard-Account</tabs>
    <tabs>standard-Opportunity</tabs>
    <tabs>QC__c</tabs>
    <tabs>Title_Review__c</tabs>
    <tabs>Post_Close_Cases__c</tabs>
    <tabs>standard-report</tabs>
    <tabs>standard-Dashboard</tabs>
    <tabs>standard-File</tabs>
    <tabs>standard-Document</tabs>
</CustomApplication>
