<?xml version="1.0" encoding="UTF-8"?>
<CustomApplication xmlns="http://soap.sforce.com/2006/04/metadata">
    <brand>
        <headerColor>#0070D2</headerColor>
        <logoVersion>1</logoVersion>
        <shouldOverrideOrgTheme>false</shouldOverrideOrgTheme>
    </brand>
    <description>For Sales, Marketing and Enablement</description>
    <formFactors>Large</formFactors>
    <isNavAutoTempTabsDisabled>false</isNavAutoTempTabsDisabled>
    <isNavPersonalizationDisabled>false</isNavPersonalizationDisabled>
    <label>Visio Sales Lightning</label>
    <navType>Standard</navType>
    <profileActionOverrides>
        <actionName>View</actionName>
        <content>Commercial_Loan</content>
        <formFactor>Large</formFactor>
        <pageOrSobjectType>Opportunity</pageOrSobjectType>
        <recordType>Opportunity.Commercial_Lending</recordType>
        <type>Flexipage</type>
        <profile>VisioBrokers Profile</profile>
    </profileActionOverrides>
    <profileActionOverrides>
        <actionName>View</actionName>
        <content>Commercial_Loan</content>
        <formFactor>Large</formFactor>
        <pageOrSobjectType>Opportunity</pageOrSobjectType>
        <recordType>Opportunity.Commercial_Lending</recordType>
        <type>Flexipage</type>
        <profile>Visio Sys Admin</profile>
    </profileActionOverrides>
    <profileActionOverrides>
        <actionName>View</actionName>
        <content>Commercial_Loan</content>
        <formFactor>Large</formFactor>
        <pageOrSobjectType>Opportunity</pageOrSobjectType>
        <recordType>Opportunity.Commercial_Lending</recordType>
        <type>Flexipage</type>
        <profile>Visio Read Only</profile>
    </profileActionOverrides>
    <profileActionOverrides>
        <actionName>View</actionName>
        <content>Commercial_Loan</content>
        <formFactor>Large</formFactor>
        <pageOrSobjectType>Opportunity</pageOrSobjectType>
        <recordType>Opportunity.Commercial_Lending</recordType>
        <type>Flexipage</type>
        <profile>Visio Power Users</profile>
    </profileActionOverrides>
    <profileActionOverrides>
        <actionName>View</actionName>
        <content>Commercial_Loan</content>
        <formFactor>Large</formFactor>
        <pageOrSobjectType>Opportunity</pageOrSobjectType>
        <recordType>Opportunity.Commercial_Lending</recordType>
        <type>Flexipage</type>
        <profile>Visio Partner Community</profile>
    </profileActionOverrides>
    <profileActionOverrides>
        <actionName>View</actionName>
        <content>Commercial_Loan</content>
        <formFactor>Large</formFactor>
        <pageOrSobjectType>Opportunity</pageOrSobjectType>
        <recordType>Opportunity.Commercial_Lending</recordType>
        <type>Flexipage</type>
        <profile>Visio Operations</profile>
    </profileActionOverrides>
    <profileActionOverrides>
        <actionName>View</actionName>
        <content>Commercial_Loan</content>
        <formFactor>Large</formFactor>
        <pageOrSobjectType>Opportunity</pageOrSobjectType>
        <recordType>Opportunity.Commercial_Lending</recordType>
        <type>Flexipage</type>
        <profile>Visio MKTG, Enablement &amp; Sales</profile>
    </profileActionOverrides>
    <profileActionOverrides>
        <actionName>View</actionName>
        <content>Commercial_Loan</content>
        <formFactor>Large</formFactor>
        <pageOrSobjectType>Opportunity</pageOrSobjectType>
        <recordType>Opportunity.Commercial_Lending</recordType>
        <type>Flexipage</type>
        <profile>Visio Front End Sales Ops</profile>
    </profileActionOverrides>
    <profileActionOverrides>
        <actionName>View</actionName>
        <content>Commercial_Loan</content>
        <formFactor>Large</formFactor>
        <pageOrSobjectType>Opportunity</pageOrSobjectType>
        <recordType>Opportunity.Commercial_Lending</recordType>
        <type>Flexipage</type>
        <profile>Visio Executive &amp; Finance Users</profile>
    </profileActionOverrides>
    <profileActionOverrides>
        <actionName>View</actionName>
        <content>Commercial_Loan</content>
        <formFactor>Large</formFactor>
        <pageOrSobjectType>Opportunity</pageOrSobjectType>
        <recordType>Opportunity.Commercial_Lending</recordType>
        <type>Flexipage</type>
        <profile>Visio Dev View Only</profile>
    </profileActionOverrides>
    <profileActionOverrides>
        <actionName>View</actionName>
        <content>Commercial_Loan</content>
        <formFactor>Large</formFactor>
        <pageOrSobjectType>Opportunity</pageOrSobjectType>
        <recordType>Opportunity.Commercial_Lending</recordType>
        <type>Flexipage</type>
        <profile>Admin</profile>
    </profileActionOverrides>
    <profileActionOverrides>
        <actionName>View</actionName>
        <content>Commercial_Loan</content>
        <formFactor>Large</formFactor>
        <pageOrSobjectType>Opportunity</pageOrSobjectType>
        <recordType>Opportunity.Commercial_Lending</recordType>
        <type>Flexipage</type>
        <profile>Visio Commercial Lending</profile>
    </profileActionOverrides>
    <tabs>standard-home</tabs>
    <tabs>standard-Contact</tabs>
    <tabs>standard-Account</tabs>
    <tabs>standard-Opportunity</tabs>
    <tabs>standard-File</tabs>
    <tabs>standard-report</tabs>
    <tabs>standard-Dashboard</tabs>
    <tabs>standard-Lead</tabs>
    <tabs>standard-Campaign</tabs>
    <uiType>Lightning</uiType>
    <utilityBar>Visio_Sales_Lightning_UtilityBar</utilityBar>
</CustomApplication>
