<?xml version="1.0" encoding="UTF-8"?>
<Dashboard xmlns="http://soap.sforce.com/2006/04/metadata">
    <backgroundEndColor>#FFFFFF</backgroundEndColor>
    <backgroundFadeDirection>Diagonal</backgroundFadeDirection>
    <backgroundStartColor>#FFFFFF</backgroundStartColor>
    <chartTheme>light</chartTheme>
    <colorPalette>justice</colorPalette>
    <dashboardChartTheme>light</dashboardChartTheme>
    <dashboardColorPalette>justice</dashboardColorPalette>
    <dashboardGridLayout>
        <dashboardGridComponents>
            <colSpan>2</colSpan>
            <columnIndex>0</columnIndex>
            <dashboardComponent>
                <autoselectColumnsFromReport>false</autoselectColumnsFromReport>
                <chartAxisRange>Auto</chartAxisRange>
                <chartSummary>
                    <axisBinding>y</axisBinding>
                    <column>RowCount</column>
                </chartSummary>
                <componentType>Donut</componentType>
                <decimalPrecision>-1</decimalPrecision>
                <displayUnits>Auto</displayUnits>
                <drillEnabled>false</drillEnabled>
                <drillToDetailEnabled>false</drillToDetailEnabled>
                <enableHover>true</enableHover>
                <expandOthers>false</expandOthers>
                <groupingColumn>Valuation__c.Loans__r.Quality_Control__r$QCReviewedBy__c</groupingColumn>
                <header>QC Queue New</header>
                <legendPosition>Right</legendPosition>
                <report>CopyofUnfiledPublicReports/QC_Queue_New_Pad</report>
                <showPercentage>false</showPercentage>
                <showTotal>true</showTotal>
                <showValues>true</showValues>
                <sortBy>RowLabelAscending</sortBy>
                <useReportChart>false</useReportChart>
            </dashboardComponent>
            <rowIndex>0</rowIndex>
            <rowSpan>3</rowSpan>
        </dashboardGridComponents>
        <dashboardGridComponents>
            <colSpan>2</colSpan>
            <columnIndex>2</columnIndex>
            <dashboardComponent>
                <autoselectColumnsFromReport>false</autoselectColumnsFromReport>
                <chartAxisRange>Auto</chartAxisRange>
                <chartSummary>
                    <axisBinding>y</axisBinding>
                    <column>RowCount</column>
                </chartSummary>
                <componentType>Donut</componentType>
                <decimalPrecision>-1</decimalPrecision>
                <displayUnits>Auto</displayUnits>
                <drillEnabled>false</drillEnabled>
                <drillToDetailEnabled>false</drillToDetailEnabled>
                <enableHover>true</enableHover>
                <expandOthers>false</expandOthers>
                <groupingColumn>Opportunity.Suspended__c</groupingColumn>
                <legendPosition>Right</legendPosition>
                <report>CopyofUnfiledPublicReports/Loans_in_Underwriting_NEW_Gao</report>
                <showPercentage>false</showPercentage>
                <showTotal>true</showTotal>
                <showValues>true</showValues>
                <sortBy>RowLabelAscending</sortBy>
                <title>UW queue</title>
                <useReportChart>false</useReportChart>
            </dashboardComponent>
            <rowIndex>0</rowIndex>
            <rowSpan>3</rowSpan>
        </dashboardGridComponents>
        <dashboardGridComponents>
            <colSpan>2</colSpan>
            <columnIndex>4</columnIndex>
            <dashboardComponent>
                <autoselectColumnsFromReport>false</autoselectColumnsFromReport>
                <chartAxisRange>Auto</chartAxisRange>
                <chartSummary>
                    <axisBinding>y</axisBinding>
                    <column>RowCount</column>
                </chartSummary>
                <componentType>Donut</componentType>
                <decimalPrecision>-1</decimalPrecision>
                <displayUnits>Auto</displayUnits>
                <drillEnabled>false</drillEnabled>
                <drillToDetailEnabled>false</drillToDetailEnabled>
                <enableHover>true</enableHover>
                <expandOthers>false</expandOthers>
                <groupingColumn>Valuation__c.Loans__r.Clear_to_Closes__r$STCResult__c</groupingColumn>
                <header>STC Queue New</header>
                <legendPosition>Right</legendPosition>
                <report>CopyofUnfiledPublicReports/STC_Queue_New_cuM</report>
                <showPercentage>false</showPercentage>
                <showTotal>true</showTotal>
                <showValues>true</showValues>
                <sortBy>RowLabelAscending</sortBy>
                <useReportChart>false</useReportChart>
            </dashboardComponent>
            <rowIndex>0</rowIndex>
            <rowSpan>3</rowSpan>
        </dashboardGridComponents>
        <dashboardGridComponents>
            <colSpan>2</colSpan>
            <columnIndex>6</columnIndex>
            <dashboardComponent>
                <autoselectColumnsFromReport>false</autoselectColumnsFromReport>
                <chartAxisRange>Auto</chartAxisRange>
                <chartSummary>
                    <axisBinding>y</axisBinding>
                    <column>RowCount</column>
                </chartSummary>
                <componentType>Donut</componentType>
                <decimalPrecision>-1</decimalPrecision>
                <displayUnits>Auto</displayUnits>
                <drillEnabled>false</drillEnabled>
                <drillToDetailEnabled>false</drillToDetailEnabled>
                <enableHover>true</enableHover>
                <expandOthers>false</expandOthers>
                <groupingColumn>STATUS</groupingColumn>
                <legendPosition>Right</legendPosition>
                <report>CopyofUnfiledPublicReports/Corporate_Docs_Queue_New_B8k</report>
                <showPercentage>false</showPercentage>
                <showTotal>true</showTotal>
                <showValues>true</showValues>
                <sortBy>RowLabelAscending</sortBy>
                <title>Corporate Docs Queue</title>
                <useReportChart>false</useReportChart>
            </dashboardComponent>
            <rowIndex>0</rowIndex>
            <rowSpan>3</rowSpan>
        </dashboardGridComponents>
        <dashboardGridComponents>
            <colSpan>1</colSpan>
            <columnIndex>8</columnIndex>
            <dashboardComponent>
                <autoselectColumnsFromReport>false</autoselectColumnsFromReport>
                <chartAxisRange>Auto</chartAxisRange>
                <chartSummary>
                    <axisBinding>y</axisBinding>
                    <column>RowCount</column>
                </chartSummary>
                <componentType>Funnel</componentType>
                <decimalPrecision>-1</decimalPrecision>
                <displayUnits>Auto</displayUnits>
                <drillEnabled>false</drillEnabled>
                <drillToDetailEnabled>false</drillToDetailEnabled>
                <enableHover>true</enableHover>
                <expandOthers>false</expandOthers>
                <groupingColumn>Post_Close_Cases__c.Case_Status__c</groupingColumn>
                <legendPosition>Right</legendPosition>
                <report>unfiled$public/Post_Close_Cases</report>
                <showPercentage>false</showPercentage>
                <showValues>true</showValues>
                <sortBy>RowLabelAscending</sortBy>
                <title>Post Close Cases</title>
                <useReportChart>false</useReportChart>
            </dashboardComponent>
            <rowIndex>0</rowIndex>
            <rowSpan>3</rowSpan>
        </dashboardGridComponents>
        <dashboardGridComponents>
            <colSpan>2</colSpan>
            <columnIndex>0</columnIndex>
            <dashboardComponent>
                <autoselectColumnsFromReport>false</autoselectColumnsFromReport>
                <chartAxisRange>Auto</chartAxisRange>
                <chartSummary>
                    <axisBinding>y</axisBinding>
                    <column>RowCount</column>
                </chartSummary>
                <componentType>Donut</componentType>
                <decimalPrecision>-1</decimalPrecision>
                <displayUnits>Auto</displayUnits>
                <drillEnabled>false</drillEnabled>
                <drillToDetailEnabled>false</drillToDetailEnabled>
                <enableHover>true</enableHover>
                <expandOthers>false</expandOthers>
                <groupingColumn>Valuation__c.Loans__r.Title_Reviews__r$Status__c</groupingColumn>
                <legendPosition>Right</legendPosition>
                <report>CopyofUnfiledPublicReports/Title_Reviews_New_92m</report>
                <showPercentage>false</showPercentage>
                <showTotal>true</showTotal>
                <showValues>true</showValues>
                <sortBy>RowLabelAscending</sortBy>
                <title>Title Reviews Queue</title>
                <useReportChart>false</useReportChart>
            </dashboardComponent>
            <rowIndex>3</rowIndex>
            <rowSpan>3</rowSpan>
        </dashboardGridComponents>
        <dashboardGridComponents>
            <colSpan>2</colSpan>
            <columnIndex>2</columnIndex>
            <dashboardComponent>
                <autoselectColumnsFromReport>false</autoselectColumnsFromReport>
                <chartAxisRange>Auto</chartAxisRange>
                <chartSummary>
                    <axisBinding>y</axisBinding>
                    <column>RowCount</column>
                </chartSummary>
                <componentType>Donut</componentType>
                <decimalPrecision>-1</decimalPrecision>
                <displayUnits>Auto</displayUnits>
                <drillEnabled>false</drillEnabled>
                <drillToDetailEnabled>false</drillToDetailEnabled>
                <enableHover>false</enableHover>
                <expandOthers>false</expandOthers>
                <groupingColumn>Valuation__c.Loans__r.Taxes__r$Status__c</groupingColumn>
                <legendPosition>Right</legendPosition>
                <report>CopyofUnfiledPublicReports/Tax_Review_Queue_New_MkE</report>
                <showPercentage>false</showPercentage>
                <showTotal>true</showTotal>
                <showValues>true</showValues>
                <sortBy>RowValueDescending</sortBy>
                <title>Tax Review Queue</title>
                <useReportChart>false</useReportChart>
            </dashboardComponent>
            <rowIndex>3</rowIndex>
            <rowSpan>3</rowSpan>
        </dashboardGridComponents>
        <dashboardGridComponents>
            <colSpan>2</colSpan>
            <columnIndex>4</columnIndex>
            <dashboardComponent>
                <autoselectColumnsFromReport>false</autoselectColumnsFromReport>
                <chartAxisRange>Auto</chartAxisRange>
                <chartSummary>
                    <axisBinding>y</axisBinding>
                    <column>RowCount</column>
                </chartSummary>
                <componentType>Donut</componentType>
                <decimalPrecision>-1</decimalPrecision>
                <displayUnits>Auto</displayUnits>
                <drillEnabled>false</drillEnabled>
                <drillToDetailEnabled>false</drillToDetailEnabled>
                <enableHover>false</enableHover>
                <expandOthers>false</expandOthers>
                <groupingColumn>Exceptions__c.Assigned_To__c</groupingColumn>
                <legendPosition>Right</legendPosition>
                <maxValuesDisplayed>6</maxValuesDisplayed>
                <report>CopyofUnfiledPublicReports/ER_Report_New_ntk</report>
                <showPercentage>false</showPercentage>
                <showTotal>true</showTotal>
                <showValues>true</showValues>
                <sortBy>RowLabelAscending</sortBy>
                <title>ER Queue by Assigned</title>
                <useReportChart>false</useReportChart>
            </dashboardComponent>
            <rowIndex>3</rowIndex>
            <rowSpan>3</rowSpan>
        </dashboardGridComponents>
        <dashboardGridComponents>
            <colSpan>2</colSpan>
            <columnIndex>6</columnIndex>
            <dashboardComponent>
                <autoselectColumnsFromReport>false</autoselectColumnsFromReport>
                <chartAxisRange>Auto</chartAxisRange>
                <chartSummary>
                    <axisBinding>y</axisBinding>
                    <column>RowCount</column>
                </chartSummary>
                <componentType>Donut</componentType>
                <decimalPrecision>-1</decimalPrecision>
                <displayUnits>Auto</displayUnits>
                <drillEnabled>false</drillEnabled>
                <drillToDetailEnabled>false</drillToDetailEnabled>
                <enableHover>false</enableHover>
                <expandOthers>false</expandOthers>
                <groupingColumn>STATUS</groupingColumn>
                <header>Bank Statement queue</header>
                <legendPosition>Right</legendPosition>
                <maxValuesDisplayed>11</maxValuesDisplayed>
                <report>unfiled$public/Bank_Statement_queue_CvU</report>
                <showPercentage>false</showPercentage>
                <showTotal>true</showTotal>
                <showValues>true</showValues>
                <sortBy>RowLabelAscending</sortBy>
                <useReportChart>false</useReportChart>
            </dashboardComponent>
            <rowIndex>3</rowIndex>
            <rowSpan>3</rowSpan>
        </dashboardGridComponents>
        <dashboardGridComponents>
            <colSpan>5</colSpan>
            <columnIndex>0</columnIndex>
            <dashboardComponent>
                <autoselectColumnsFromReport>false</autoselectColumnsFromReport>
                <chartAxisRange>Auto</chartAxisRange>
                <chartSummary>
                    <axisBinding>y</axisBinding>
                    <column>RowCount</column>
                </chartSummary>
                <chartSummary>
                    <aggregate>Sum</aggregate>
                    <axisBinding>y</axisBinding>
                    <column>QC__c.QCTimeToComplete__c</column>
                </chartSummary>
                <componentType>ColumnLineGrouped</componentType>
                <decimalPrecision>-1</decimalPrecision>
                <displayUnits>Auto</displayUnits>
                <drillEnabled>false</drillEnabled>
                <drillToDetailEnabled>false</drillToDetailEnabled>
                <enableHover>true</enableHover>
                <expandOthers>false</expandOthers>
                <groupingColumn>QC__c.QCReviewedBy__c</groupingColumn>
                <groupingColumn>QC__c.QCStatus__c</groupingColumn>
                <legendPosition>Right</legendPosition>
                <report>CopyofUnfiledPublicReports/Reviewed_in_QC_Today_New_WX1</report>
                <showPercentage>false</showPercentage>
                <showValues>true</showValues>
                <sortBy>RowLabelAscending</sortBy>
                <title>QC Results today</title>
                <useReportChart>false</useReportChart>
            </dashboardComponent>
            <rowIndex>6</rowIndex>
            <rowSpan>5</rowSpan>
        </dashboardGridComponents>
        <dashboardGridComponents>
            <colSpan>4</colSpan>
            <columnIndex>5</columnIndex>
            <dashboardComponent>
                <autoselectColumnsFromReport>false</autoselectColumnsFromReport>
                <chartAxisRange>Auto</chartAxisRange>
                <chartSummary>
                    <axisBinding>y</axisBinding>
                    <column>RowCount</column>
                </chartSummary>
                <componentType>Column</componentType>
                <decimalPrecision>-1</decimalPrecision>
                <displayUnits>Auto</displayUnits>
                <drillEnabled>false</drillEnabled>
                <drillToDetailEnabled>false</drillToDetailEnabled>
                <enableHover>false</enableHover>
                <expandOthers>false</expandOthers>
                <groupingColumn>Contact.PrimaryBorrowerLoans__r$QC_Pass_Date__c</groupingColumn>
                <legendPosition>Bottom</legendPosition>
                <report>CopyofUnfiledPublicReports/QC_new_loans_passed_this_month_New_DkR</report>
                <showPercentage>false</showPercentage>
                <showValues>true</showValues>
                <sortBy>RowLabelDescending</sortBy>
                <title>QC new loans passed this month</title>
                <useReportChart>false</useReportChart>
            </dashboardComponent>
            <rowIndex>6</rowIndex>
            <rowSpan>5</rowSpan>
        </dashboardGridComponents>
        <dashboardGridComponents>
            <colSpan>5</colSpan>
            <columnIndex>0</columnIndex>
            <dashboardComponent>
                <autoselectColumnsFromReport>false</autoselectColumnsFromReport>
                <chartAxisRange>Auto</chartAxisRange>
                <chartSummary>
                    <axisBinding>y</axisBinding>
                    <column>RowCount</column>
                </chartSummary>
                <componentType>ColumnStacked</componentType>
                <decimalPrecision>-1</decimalPrecision>
                <displayUnits>Auto</displayUnits>
                <drillEnabled>false</drillEnabled>
                <drillToDetailEnabled>false</drillToDetailEnabled>
                <enableHover>false</enableHover>
                <expandOthers>false</expandOthers>
                <groupingColumn>LAST_UPDATE</groupingColumn>
                <groupingColumn>LAST_UPDATE_BY</groupingColumn>
                <header>Corp Doc History</header>
                <legendPosition>Bottom</legendPosition>
                <report>unfiled$public/Corp_Docs_history</report>
                <showPercentage>false</showPercentage>
                <showValues>false</showValues>
                <sortBy>RowLabelDescending</sortBy>
                <useReportChart>false</useReportChart>
            </dashboardComponent>
            <rowIndex>11</rowIndex>
            <rowSpan>5</rowSpan>
        </dashboardGridComponents>
        <dashboardGridComponents>
            <colSpan>4</colSpan>
            <columnIndex>5</columnIndex>
            <dashboardComponent>
                <autoselectColumnsFromReport>false</autoselectColumnsFromReport>
                <chartAxisRange>Auto</chartAxisRange>
                <chartSummary>
                    <axisBinding>y</axisBinding>
                    <column>RowCount</column>
                </chartSummary>
                <chartSummary>
                    <aggregate>Average</aggregate>
                    <axisBinding>y2</axisBinding>
                    <column>STC_Sent_to_Closing__c.STCTime_to_Review__c</column>
                </chartSummary>
                <componentType>ColumnLineGrouped</componentType>
                <decimalPrecision>-1</decimalPrecision>
                <displayUnits>Auto</displayUnits>
                <drillEnabled>false</drillEnabled>
                <drillToDetailEnabled>false</drillToDetailEnabled>
                <enableHover>true</enableHover>
                <expandOthers>false</expandOthers>
                <groupingColumn>STC_Sent_to_Closing__c.STCResult__c</groupingColumn>
                <groupingColumn>STC_Sent_to_Closing__c.STCReviewed_By__c</groupingColumn>
                <legendPosition>Bottom</legendPosition>
                <report>unfiled$public/STC_History</report>
                <showPercentage>false</showPercentage>
                <showValues>true</showValues>
                <sortBy>RowLabelAscending</sortBy>
                <title>STC Results Today</title>
                <useReportChart>false</useReportChart>
            </dashboardComponent>
            <rowIndex>11</rowIndex>
            <rowSpan>5</rowSpan>
        </dashboardGridComponents>
        <dashboardGridComponents>
            <colSpan>5</colSpan>
            <columnIndex>0</columnIndex>
            <dashboardComponent>
                <autoselectColumnsFromReport>false</autoselectColumnsFromReport>
                <chartAxisRange>Auto</chartAxisRange>
                <chartSummary>
                    <axisBinding>y</axisBinding>
                    <column>RowCount</column>
                </chartSummary>
                <componentType>ColumnStacked</componentType>
                <decimalPrecision>-1</decimalPrecision>
                <displayUnits>Auto</displayUnits>
                <drillEnabled>false</drillEnabled>
                <drillToDetailEnabled>false</drillToDetailEnabled>
                <enableHover>false</enableHover>
                <expandOthers>false</expandOthers>
                <groupingColumn>Taxes__c.Determination_Date__c</groupingColumn>
                <groupingColumn>Taxes__c.Reviewer__c</groupingColumn>
                <header>Tax Review history this month</header>
                <legendPosition>Right</legendPosition>
                <report>unfiled$public/Tax_Review_history_this_month_rb4</report>
                <showPercentage>false</showPercentage>
                <showValues>false</showValues>
                <sortBy>RowLabelAscending</sortBy>
                <useReportChart>false</useReportChart>
            </dashboardComponent>
            <rowIndex>16</rowIndex>
            <rowSpan>5</rowSpan>
        </dashboardGridComponents>
        <dashboardGridComponents>
            <colSpan>4</colSpan>
            <columnIndex>5</columnIndex>
            <dashboardComponent>
                <autoselectColumnsFromReport>false</autoselectColumnsFromReport>
                <chartAxisRange>Auto</chartAxisRange>
                <chartSummary>
                    <axisBinding>y</axisBinding>
                    <column>RowCount</column>
                </chartSummary>
                <componentType>ColumnStacked</componentType>
                <decimalPrecision>-1</decimalPrecision>
                <displayUnits>Auto</displayUnits>
                <drillEnabled>false</drillEnabled>
                <drillToDetailEnabled>false</drillToDetailEnabled>
                <enableHover>false</enableHover>
                <expandOthers>false</expandOthers>
                <groupingColumn>CUST_LAST_UPDATE</groupingColumn>
                <groupingColumn>Title_Review__c.Reviewer__c</groupingColumn>
                <header>Title Review history</header>
                <legendPosition>Bottom</legendPosition>
                <report>unfiled$public/Title_Review_history</report>
                <showPercentage>false</showPercentage>
                <showValues>false</showValues>
                <sortBy>RowLabelDescending</sortBy>
                <useReportChart>false</useReportChart>
            </dashboardComponent>
            <rowIndex>16</rowIndex>
            <rowSpan>5</rowSpan>
        </dashboardGridComponents>
        <dashboardGridComponents>
            <colSpan>5</colSpan>
            <columnIndex>0</columnIndex>
            <dashboardComponent>
                <autoselectColumnsFromReport>false</autoselectColumnsFromReport>
                <chartAxisRange>Auto</chartAxisRange>
                <chartSummary>
                    <aggregate>Sum</aggregate>
                    <axisBinding>y</axisBinding>
                    <column>Opportunity.Suspended__c</column>
                </chartSummary>
                <componentType>ColumnGrouped</componentType>
                <decimalPrecision>-1</decimalPrecision>
                <displayUnits>Auto</displayUnits>
                <drillEnabled>false</drillEnabled>
                <drillToDetailEnabled>false</drillToDetailEnabled>
                <enableHover>false</enableHover>
                <expandOthers>false</expandOthers>
                <groupingColumn>Opportunity.Suspended_Queue__c</groupingColumn>
                <groupingColumn>Opportunity.Underwriter__c</groupingColumn>
                <header>UW Suspended Report</header>
                <legendPosition>Right</legendPosition>
                <report>unfiled$public/UW_Suspended_Report_xKN</report>
                <showPercentage>false</showPercentage>
                <showValues>true</showValues>
                <sortBy>RowLabelDescending</sortBy>
                <useReportChart>false</useReportChart>
            </dashboardComponent>
            <rowIndex>21</rowIndex>
            <rowSpan>5</rowSpan>
        </dashboardGridComponents>
        <dashboardGridComponents>
            <colSpan>4</colSpan>
            <columnIndex>5</columnIndex>
            <dashboardComponent>
                <autoselectColumnsFromReport>false</autoselectColumnsFromReport>
                <chartAxisRange>Auto</chartAxisRange>
                <chartSummary>
                    <axisBinding>y</axisBinding>
                    <column>RowCount</column>
                </chartSummary>
                <componentType>ColumnStacked</componentType>
                <decimalPrecision>0</decimalPrecision>
                <displayUnits>Auto</displayUnits>
                <drillEnabled>false</drillEnabled>
                <drillToDetailEnabled>false</drillToDetailEnabled>
                <enableHover>false</enableHover>
                <expandOthers>false</expandOthers>
                <groupingColumn>LAST_UPDATE</groupingColumn>
                <groupingColumn>LAST_UPDATE_BY</groupingColumn>
                <header>Bank Statement Reviews MTD</header>
                <legendPosition>Right</legendPosition>
                <report>unfiled$public/Copy_of_Bank_Statement_reviews_FAQ</report>
                <showPercentage>false</showPercentage>
                <showValues>false</showValues>
                <sortBy>RowLabelDescending</sortBy>
                <useReportChart>false</useReportChart>
            </dashboardComponent>
            <rowIndex>21</rowIndex>
            <rowSpan>5</rowSpan>
        </dashboardGridComponents>
        <dashboardGridComponents>
            <colSpan>5</colSpan>
            <columnIndex>0</columnIndex>
            <dashboardComponent>
                <autoselectColumnsFromReport>false</autoselectColumnsFromReport>
                <chartAxisRange>Auto</chartAxisRange>
                <chartSummary>
                    <axisBinding>y</axisBinding>
                    <column>RowCount</column>
                </chartSummary>
                <componentType>Donut</componentType>
                <decimalPrecision>-1</decimalPrecision>
                <displayUnits>Auto</displayUnits>
                <drillEnabled>false</drillEnabled>
                <drillToDetailEnabled>false</drillToDetailEnabled>
                <enableHover>true</enableHover>
                <expandOthers>false</expandOthers>
                <groupingColumn>Contact.PrimaryBorrowerLoans__r$Processor__c</groupingColumn>
                <legendPosition>Right</legendPosition>
                <report>CopyofUnfiledPublicReports/Sent_to_QC_today_All_New_4uu</report>
                <showPercentage>false</showPercentage>
                <showTotal>true</showTotal>
                <showValues>true</showValues>
                <sortBy>RowLabelAscending</sortBy>
                <title>Sent to QC today - All</title>
                <useReportChart>false</useReportChart>
            </dashboardComponent>
            <rowIndex>26</rowIndex>
            <rowSpan>4</rowSpan>
        </dashboardGridComponents>
        <dashboardGridComponents>
            <colSpan>4</colSpan>
            <columnIndex>5</columnIndex>
            <dashboardComponent>
                <autoselectColumnsFromReport>false</autoselectColumnsFromReport>
                <chartAxisRange>Auto</chartAxisRange>
                <chartSummary>
                    <axisBinding>y</axisBinding>
                    <column>RowCount</column>
                </chartSummary>
                <componentType>Donut</componentType>
                <decimalPrecision>-1</decimalPrecision>
                <displayUnits>Auto</displayUnits>
                <drillEnabled>false</drillEnabled>
                <drillToDetailEnabled>false</drillToDetailEnabled>
                <enableHover>true</enableHover>
                <expandOthers>false</expandOthers>
                <groupingColumn>Contact.PrimaryBorrowerLoans__r$Processor__c</groupingColumn>
                <legendPosition>Right</legendPosition>
                <report>CopyofUnfiledPublicReports/Sent_for_STC_today_All_New_fNt</report>
                <showPercentage>false</showPercentage>
                <showTotal>true</showTotal>
                <showValues>true</showValues>
                <sortBy>RowLabelAscending</sortBy>
                <title>Sent for STC today</title>
                <useReportChart>false</useReportChart>
            </dashboardComponent>
            <rowIndex>26</rowIndex>
            <rowSpan>4</rowSpan>
        </dashboardGridComponents>
        <numberOfColumns>9</numberOfColumns>
        <rowHeight>80</rowHeight>
    </dashboardGridLayout>
    <dashboardType>SpecifiedUser</dashboardType>
    <description>Pipeline Dashboard</description>
    <isGridLayout>true</isGridLayout>
    <runningUser>alejandro.gonzalez@visiolending.com</runningUser>
    <textColor>#000000</textColor>
    <title>Copy 2 of Ami Queues Dash</title>
    <titleColor>#000000</titleColor>
    <titleSize>12</titleSize>
</Dashboard>
