<?xml version="1.0" encoding="UTF-8"?>
<Dashboard xmlns="http://soap.sforce.com/2006/04/metadata">
    <backgroundEndColor>#FFFFFF</backgroundEndColor>
    <backgroundFadeDirection>Diagonal</backgroundFadeDirection>
    <backgroundStartColor>#FFFFFF</backgroundStartColor>
    <dashboardType>SpecifiedUser</dashboardType>
    <description>Pipeline Dashboard</description>
    <isGridLayout>false</isGridLayout>
    <leftSection>
        <columnSize>Wide</columnSize>
        <components>
            <autoselectColumnsFromReport>true</autoselectColumnsFromReport>
            <chartAxisRange>Auto</chartAxisRange>
            <componentType>Donut</componentType>
            <displayUnits>Auto</displayUnits>
            <drillEnabled>false</drillEnabled>
            <drillToDetailEnabled>false</drillToDetailEnabled>
            <enableHover>false</enableHover>
            <expandOthers>false</expandOthers>
            <legendPosition>Bottom</legendPosition>
            <report>unfiled$public/Closed_Loans_Today</report>
            <showPercentage>false</showPercentage>
            <showTotal>false</showTotal>
            <showValues>true</showValues>
            <sortBy>RowLabelAscending</sortBy>
            <title>Loans Closed Today by AE</title>
            <useReportChart>false</useReportChart>
        </components>
        <components>
            <autoselectColumnsFromReport>false</autoselectColumnsFromReport>
            <chartAxisRange>Auto</chartAxisRange>
            <chartSummary>
                <aggregate>Sum</aggregate>
                <axisBinding>y</axisBinding>
                <column>Opportunity.Loan_Amount__c</column>
            </chartSummary>
            <componentType>Column</componentType>
            <displayUnits>Auto</displayUnits>
            <drillEnabled>false</drillEnabled>
            <drillToDetailEnabled>false</drillToDetailEnabled>
            <enableHover>true</enableHover>
            <expandOthers>false</expandOthers>
            <groupingColumn>FULL_NAME</groupingColumn>
            <legendPosition>Bottom</legendPosition>
            <report>unfiled$public/Closed_Loans_Today_by_AE</report>
            <showPercentage>false</showPercentage>
            <showValues>true</showValues>
            <sortBy>RowLabelAscending</sortBy>
            <title>Loans Closed today by AE</title>
            <useReportChart>false</useReportChart>
        </components>
        <components>
            <autoselectColumnsFromReport>false</autoselectColumnsFromReport>
            <chartAxisRange>Auto</chartAxisRange>
            <chartSummary>
                <axisBinding>y</axisBinding>
                <column>RowCount</column>
            </chartSummary>
            <componentType>Donut</componentType>
            <displayUnits>Auto</displayUnits>
            <drillEnabled>false</drillEnabled>
            <drillToDetailEnabled>false</drillToDetailEnabled>
            <enableHover>true</enableHover>
            <expandOthers>false</expandOthers>
            <groupingColumn>Opportunity.Processor__c</groupingColumn>
            <legendPosition>Bottom</legendPosition>
            <report>unfiled$public/Closed_Loans_Today_by_Processor</report>
            <showPercentage>false</showPercentage>
            <showTotal>true</showTotal>
            <showValues>true</showValues>
            <sortBy>RowLabelAscending</sortBy>
            <title>Loans Closed Today by Processor</title>
            <useReportChart>false</useReportChart>
        </components>
        <components>
            <autoselectColumnsFromReport>false</autoselectColumnsFromReport>
            <chartAxisRange>Auto</chartAxisRange>
            <chartSummary>
                <aggregate>Sum</aggregate>
                <axisBinding>y</axisBinding>
                <column>Opportunity.Loan_Amount__c</column>
            </chartSummary>
            <componentType>Column</componentType>
            <displayUnits>Auto</displayUnits>
            <drillEnabled>false</drillEnabled>
            <drillToDetailEnabled>false</drillToDetailEnabled>
            <enableHover>true</enableHover>
            <expandOthers>false</expandOthers>
            <groupingColumn>Opportunity.Processor__c</groupingColumn>
            <legendPosition>Bottom</legendPosition>
            <report>unfiled$public/Closed_Loans_Today_by_Processor</report>
            <showPercentage>false</showPercentage>
            <showValues>true</showValues>
            <sortBy>RowLabelAscending</sortBy>
            <title>Loans Closed Today by Processor $</title>
            <useReportChart>false</useReportChart>
        </components>
        <components>
            <autoselectColumnsFromReport>false</autoselectColumnsFromReport>
            <chartAxisRange>Auto</chartAxisRange>
            <chartSummary>
                <axisBinding>y</axisBinding>
                <column>RowCount</column>
            </chartSummary>
            <componentType>Line</componentType>
            <displayUnits>Auto</displayUnits>
            <drillEnabled>false</drillEnabled>
            <drillToDetailEnabled>false</drillToDetailEnabled>
            <enableHover>true</enableHover>
            <expandOthers>false</expandOthers>
            <groupingColumn>CLOSE_DATE</groupingColumn>
            <legendPosition>Bottom</legendPosition>
            <report>unfiled$public/Closed_Loans_YTD</report>
            <showPercentage>false</showPercentage>
            <showValues>true</showValues>
            <sortBy>RowLabelAscending</sortBy>
            <title>Loans Closed YTD</title>
            <useReportChart>false</useReportChart>
        </components>
    </leftSection>
    <middleSection>
        <columnSize>Wide</columnSize>
        <components>
            <autoselectColumnsFromReport>false</autoselectColumnsFromReport>
            <chartAxisRange>Auto</chartAxisRange>
            <chartSummary>
                <axisBinding>y</axisBinding>
                <column>RowCount</column>
            </chartSummary>
            <componentType>Donut</componentType>
            <displayUnits>Auto</displayUnits>
            <drillEnabled>false</drillEnabled>
            <drillToDetailEnabled>false</drillToDetailEnabled>
            <enableHover>true</enableHover>
            <expandOthers>false</expandOthers>
            <groupingColumn>FULL_NAME</groupingColumn>
            <legendPosition>Bottom</legendPosition>
            <report>unfiled$public/Closed_Loans_MTD_by_AE</report>
            <showPercentage>false</showPercentage>
            <showTotal>true</showTotal>
            <showValues>true</showValues>
            <sortBy>RowLabelAscending</sortBy>
            <title>Loans Closed MTD by AE</title>
            <useReportChart>false</useReportChart>
        </components>
        <components>
            <autoselectColumnsFromReport>false</autoselectColumnsFromReport>
            <chartAxisRange>Auto</chartAxisRange>
            <chartSummary>
                <aggregate>Sum</aggregate>
                <axisBinding>y</axisBinding>
                <column>Opportunity.Loan_Amount__c</column>
            </chartSummary>
            <componentType>Donut</componentType>
            <displayUnits>Auto</displayUnits>
            <drillEnabled>false</drillEnabled>
            <drillToDetailEnabled>false</drillToDetailEnabled>
            <enableHover>true</enableHover>
            <expandOthers>true</expandOthers>
            <groupingColumn>FULL_NAME</groupingColumn>
            <legendPosition>Bottom</legendPosition>
            <report>unfiled$public/Closed_Loans_MTD_by_AE</report>
            <showPercentage>false</showPercentage>
            <showTotal>true</showTotal>
            <showValues>true</showValues>
            <sortBy>RowLabelAscending</sortBy>
            <title>Loans Closed MTD by AE $</title>
            <useReportChart>false</useReportChart>
        </components>
        <components>
            <autoselectColumnsFromReport>false</autoselectColumnsFromReport>
            <chartAxisRange>Auto</chartAxisRange>
            <chartSummary>
                <axisBinding>y</axisBinding>
                <column>RowCount</column>
            </chartSummary>
            <componentType>Donut</componentType>
            <displayUnits>Auto</displayUnits>
            <drillEnabled>false</drillEnabled>
            <drillToDetailEnabled>false</drillToDetailEnabled>
            <enableHover>true</enableHover>
            <expandOthers>false</expandOthers>
            <groupingColumn>Opportunity.Processor__c</groupingColumn>
            <legendPosition>Bottom</legendPosition>
            <report>unfiled$public/Closed_Loans_MTD_by_Processor</report>
            <showPercentage>false</showPercentage>
            <showTotal>true</showTotal>
            <showValues>true</showValues>
            <sortBy>RowLabelAscending</sortBy>
            <title>Loans Closed MTD by Processor</title>
            <useReportChart>false</useReportChart>
        </components>
        <components>
            <autoselectColumnsFromReport>false</autoselectColumnsFromReport>
            <chartAxisRange>Auto</chartAxisRange>
            <chartSummary>
                <aggregate>Sum</aggregate>
                <axisBinding>y</axisBinding>
                <column>Opportunity.Loan_Amount__c</column>
            </chartSummary>
            <componentType>Donut</componentType>
            <displayUnits>Auto</displayUnits>
            <drillEnabled>false</drillEnabled>
            <drillToDetailEnabled>false</drillToDetailEnabled>
            <enableHover>true</enableHover>
            <expandOthers>false</expandOthers>
            <groupingColumn>Opportunity.Processor__c</groupingColumn>
            <legendPosition>Bottom</legendPosition>
            <report>unfiled$public/Closed_Loans_MTD_by_Processor</report>
            <showPercentage>false</showPercentage>
            <showTotal>true</showTotal>
            <showValues>true</showValues>
            <sortBy>RowLabelAscending</sortBy>
            <title>Loans Closed MTD by Processor $</title>
            <useReportChart>false</useReportChart>
        </components>
        <components>
            <autoselectColumnsFromReport>false</autoselectColumnsFromReport>
            <chartAxisRange>Auto</chartAxisRange>
            <chartSummary>
                <aggregate>Sum</aggregate>
                <axisBinding>y</axisBinding>
                <column>Opportunity.Loan_Amount__c</column>
            </chartSummary>
            <componentType>Column</componentType>
            <displayUnits>Auto</displayUnits>
            <drillEnabled>false</drillEnabled>
            <drillToDetailEnabled>false</drillToDetailEnabled>
            <enableHover>true</enableHover>
            <expandOthers>false</expandOthers>
            <groupingColumn>CLOSE_DATE</groupingColumn>
            <legendPosition>Bottom</legendPosition>
            <report>unfiled$public/Closed_Loans_YTD</report>
            <showPercentage>false</showPercentage>
            <showValues>true</showValues>
            <sortBy>RowLabelAscending</sortBy>
            <title>Loans Closed YTD $</title>
            <useReportChart>false</useReportChart>
        </components>
    </middleSection>
    <rightSection>
        <columnSize>Wide</columnSize>
        <components>
            <autoselectColumnsFromReport>false</autoselectColumnsFromReport>
            <chartAxisRange>Auto</chartAxisRange>
            <chartSummary>
                <axisBinding>y</axisBinding>
                <column>RowCount</column>
            </chartSummary>
            <componentType>Donut</componentType>
            <displayUnits>Auto</displayUnits>
            <drillEnabled>false</drillEnabled>
            <drillToDetailEnabled>false</drillToDetailEnabled>
            <enableHover>true</enableHover>
            <expandOthers>false</expandOthers>
            <groupingColumn>FULL_NAME</groupingColumn>
            <legendPosition>Bottom</legendPosition>
            <report>unfiled$public/Closed_Loans_YTD_by_AE</report>
            <showPercentage>false</showPercentage>
            <showTotal>true</showTotal>
            <showValues>true</showValues>
            <sortBy>RowLabelAscending</sortBy>
            <title>Loans Closed YTD by AE</title>
            <useReportChart>false</useReportChart>
        </components>
        <components>
            <autoselectColumnsFromReport>false</autoselectColumnsFromReport>
            <chartAxisRange>Auto</chartAxisRange>
            <chartSummary>
                <aggregate>Sum</aggregate>
                <axisBinding>y</axisBinding>
                <column>Opportunity.Loan_Amount__c</column>
            </chartSummary>
            <componentType>Donut</componentType>
            <displayUnits>Auto</displayUnits>
            <drillEnabled>false</drillEnabled>
            <drillToDetailEnabled>false</drillToDetailEnabled>
            <enableHover>true</enableHover>
            <expandOthers>false</expandOthers>
            <groupingColumn>FULL_NAME</groupingColumn>
            <legendPosition>Bottom</legendPosition>
            <report>unfiled$public/Closed_Loans_YTD_by_AE</report>
            <showPercentage>false</showPercentage>
            <showTotal>true</showTotal>
            <showValues>true</showValues>
            <sortBy>RowLabelAscending</sortBy>
            <title>Loans Closed YTD by AE $</title>
            <useReportChart>false</useReportChart>
        </components>
        <components>
            <autoselectColumnsFromReport>false</autoselectColumnsFromReport>
            <chartAxisRange>Auto</chartAxisRange>
            <chartSummary>
                <axisBinding>y</axisBinding>
                <column>RowCount</column>
            </chartSummary>
            <componentType>Donut</componentType>
            <displayUnits>Auto</displayUnits>
            <drillEnabled>false</drillEnabled>
            <drillToDetailEnabled>false</drillToDetailEnabled>
            <enableHover>true</enableHover>
            <expandOthers>false</expandOthers>
            <groupingColumn>Opportunity.Processor__c</groupingColumn>
            <legendPosition>Bottom</legendPosition>
            <report>unfiled$public/Closed_Loans_YTD_by_Processor</report>
            <showPercentage>false</showPercentage>
            <showTotal>true</showTotal>
            <showValues>true</showValues>
            <sortBy>RowLabelAscending</sortBy>
            <title>Loans Closed YTD by Processor</title>
            <useReportChart>false</useReportChart>
        </components>
        <components>
            <autoselectColumnsFromReport>false</autoselectColumnsFromReport>
            <chartAxisRange>Auto</chartAxisRange>
            <chartSummary>
                <aggregate>Sum</aggregate>
                <axisBinding>y</axisBinding>
                <column>Opportunity.Loan_Amount__c</column>
            </chartSummary>
            <componentType>Donut</componentType>
            <displayUnits>Auto</displayUnits>
            <drillEnabled>false</drillEnabled>
            <drillToDetailEnabled>false</drillToDetailEnabled>
            <enableHover>true</enableHover>
            <expandOthers>false</expandOthers>
            <groupingColumn>Opportunity.Processor__c</groupingColumn>
            <legendPosition>Bottom</legendPosition>
            <report>unfiled$public/Closed_Loans_YTD_by_Processor</report>
            <showPercentage>false</showPercentage>
            <showTotal>true</showTotal>
            <showValues>true</showValues>
            <sortBy>RowLabelAscending</sortBy>
            <title>Loans Closed YTD by Processor $</title>
            <useReportChart>false</useReportChart>
        </components>
    </rightSection>
    <runningUser>ami.plouff@visiolending.com</runningUser>
    <textColor>#000000</textColor>
    <title>Closing Dashboard</title>
    <titleColor>#000000</titleColor>
    <titleSize>12</titleSize>
</Dashboard>
