<?xml version="1.0" encoding="UTF-8"?>
<Dashboard xmlns="http://soap.sforce.com/2006/04/metadata">
    <backgroundEndColor>#CCCCFF</backgroundEndColor>
    <backgroundFadeDirection>Diagonal</backgroundFadeDirection>
    <backgroundStartColor>#FFFFFF</backgroundStartColor>
    <dashboardType>SpecifiedUser</dashboardType>
    <isGridLayout>false</isGridLayout>
    <leftSection>
        <columnSize>Wide</columnSize>
        <components>
            <autoselectColumnsFromReport>true</autoselectColumnsFromReport>
            <componentType>Gauge</componentType>
            <displayUnits>Integer</displayUnits>
            <gaugeMax>1500000.0</gaugeMax>
            <gaugeMin>0.0</gaugeMin>
            <header>Sales</header>
            <indicatorBreakpoint1>500000.0</indicatorBreakpoint1>
            <indicatorBreakpoint2>1000000.0</indicatorBreakpoint2>
            <indicatorHighColor>#009900</indicatorHighColor>
            <indicatorLowColor>#990000</indicatorLowColor>
            <indicatorMiddleColor>#FFCC66</indicatorMiddleColor>
            <report>unfiled$public/SampleReportClosedSales</report>
            <showPercentage>false</showPercentage>
            <showRange>false</showRange>
            <showTotal>true</showTotal>
            <showValues>false</showValues>
            <title>Closed Sales To Date</title>
        </components>
        <components>
            <autoselectColumnsFromReport>true</autoselectColumnsFromReport>
            <chartAxisRange>Auto</chartAxisRange>
            <componentType>LineGroupedCumulative</componentType>
            <displayUnits>Auto</displayUnits>
            <drillEnabled>false</drillEnabled>
            <drillToDetailEnabled>false</drillToDetailEnabled>
            <enableHover>false</enableHover>
            <expandOthers>false</expandOthers>
            <header>Month to Date Sales Trending</header>
            <legendPosition>Bottom</legendPosition>
            <report>unfiled$public/SampleReportMonthtoDateTrending</report>
            <showPercentage>false</showPercentage>
            <showValues>false</showValues>
            <sortBy>RowLabelAscending</sortBy>
            <useReportChart>false</useReportChart>
        </components>
        <components>
            <autoselectColumnsFromReport>true</autoselectColumnsFromReport>
            <componentType>Table</componentType>
            <displayUnits>Auto</displayUnits>
            <drillEnabled>false</drillEnabled>
            <drillToDetailEnabled>false</drillToDetailEnabled>
            <header>Top 5 Open Deals</header>
            <indicatorHighColor>#00FF00</indicatorHighColor>
            <indicatorLowColor>#FF0000</indicatorLowColor>
            <indicatorMiddleColor>#FFFF00</indicatorMiddleColor>
            <maxValuesDisplayed>5</maxValuesDisplayed>
            <report>unfiled$public/SampleReportOpenDeals</report>
            <sortBy>RowValueDescending</sortBy>
        </components>
        <components>
            <autoselectColumnsFromReport>true</autoselectColumnsFromReport>
            <componentType>Table</componentType>
            <displayUnits>Auto</displayUnits>
            <drillEnabled>false</drillEnabled>
            <drillToDetailEnabled>false</drillToDetailEnabled>
            <header>Sales Leaderboard</header>
            <indicatorHighColor>#54C254</indicatorHighColor>
            <indicatorLowColor>#C25454</indicatorLowColor>
            <indicatorMiddleColor>#C2C254</indicatorMiddleColor>
            <report>unfiled$public/SampleReportSalesLeaderboard</report>
            <sortBy>RowValueDescending</sortBy>
        </components>
        <components>
            <autoselectColumnsFromReport>true</autoselectColumnsFromReport>
            <componentType>Table</componentType>
            <displayUnits>Auto</displayUnits>
            <drillEnabled>false</drillEnabled>
            <drillToDetailEnabled>false</drillToDetailEnabled>
            <header>Key Accounts</header>
            <indicatorHighColor>#00FF00</indicatorHighColor>
            <indicatorLowColor>#FF0000</indicatorLowColor>
            <indicatorMiddleColor>#FFFF00</indicatorMiddleColor>
            <maxValuesDisplayed>5</maxValuesDisplayed>
            <report>unfiled$public/SampleReportTopAccounts</report>
            <sortBy>RowValueDescending</sortBy>
        </components>
        <components>
            <autoselectColumnsFromReport>true</autoselectColumnsFromReport>
            <chartAxisRange>Auto</chartAxisRange>
            <componentType>ColumnStacked</componentType>
            <displayUnits>Auto</displayUnits>
            <drillEnabled>false</drillEnabled>
            <drillToDetailEnabled>false</drillToDetailEnabled>
            <enableHover>false</enableHover>
            <expandOthers>false</expandOthers>
            <header>Historical Snapshot</header>
            <legendPosition>Bottom</legendPosition>
            <report>unfiled$public/SampleReportPipelineHistory</report>
            <showPercentage>false</showPercentage>
            <showValues>false</showValues>
            <sortBy>RowLabelAscending</sortBy>
            <useReportChart>false</useReportChart>
        </components>
    </leftSection>
    <middleSection>
        <columnSize>Wide</columnSize>
        <components>
            <autoselectColumnsFromReport>true</autoselectColumnsFromReport>
            <chartAxisRange>Auto</chartAxisRange>
            <componentType>Pie</componentType>
            <displayUnits>Auto</displayUnits>
            <drillEnabled>false</drillEnabled>
            <drillToDetailEnabled>false</drillToDetailEnabled>
            <enableHover>false</enableHover>
            <expandOthers>false</expandOthers>
            <header>Marketing</header>
            <legendPosition>Bottom</legendPosition>
            <report>unfiled$public/SampleReportLeadsbyLeadSource</report>
            <showPercentage>false</showPercentage>
            <showValues>true</showValues>
            <sortBy>RowLabelAscending</sortBy>
            <title>Leads by Lead Source</title>
            <useReportChart>false</useReportChart>
        </components>
        <components>
            <autoselectColumnsFromReport>true</autoselectColumnsFromReport>
            <chartAxisRange>Auto</chartAxisRange>
            <componentType>LineGrouped</componentType>
            <displayUnits>Auto</displayUnits>
            <drillEnabled>false</drillEnabled>
            <drillToDetailEnabled>false</drillToDetailEnabled>
            <enableHover>false</enableHover>
            <expandOthers>false</expandOthers>
            <legendPosition>Bottom</legendPosition>
            <report>unfiled$public/SampleReportPipelineByCloseMonth</report>
            <showPercentage>false</showPercentage>
            <showValues>false</showValues>
            <sortBy>RowLabelAscending</sortBy>
            <title>Pipeline by Type and Close Month</title>
            <useReportChart>false</useReportChart>
        </components>
        <components>
            <autoselectColumnsFromReport>true</autoselectColumnsFromReport>
            <chartAxisRange>Auto</chartAxisRange>
            <componentType>ColumnStacked</componentType>
            <displayUnits>Auto</displayUnits>
            <drillEnabled>false</drillEnabled>
            <drillToDetailEnabled>false</drillToDetailEnabled>
            <enableHover>false</enableHover>
            <expandOthers>false</expandOthers>
            <legendPosition>Bottom</legendPosition>
            <report>unfiled$public/SampleReportsLeadsbyStatus</report>
            <showPercentage>false</showPercentage>
            <showValues>false</showValues>
            <sortBy>RowLabelAscending</sortBy>
            <title>Lead by Lead Status</title>
            <useReportChart>false</useReportChart>
        </components>
    </middleSection>
    <rightSection>
        <columnSize>Wide</columnSize>
        <components>
            <autoselectColumnsFromReport>true</autoselectColumnsFromReport>
            <chartAxisRange>Auto</chartAxisRange>
            <componentType>Funnel</componentType>
            <displayUnits>Auto</displayUnits>
            <drillEnabled>false</drillEnabled>
            <drillToDetailEnabled>false</drillToDetailEnabled>
            <enableHover>true</enableHover>
            <expandOthers>false</expandOthers>
            <header>Pipeline Analysis</header>
            <legendPosition>Bottom</legendPosition>
            <report>unfiled$public/SampleReportSalesPipelinebyStage</report>
            <showPercentage>false</showPercentage>
            <showValues>true</showValues>
            <sortBy>RowLabelAscending</sortBy>
            <title>Pipeline by Stage and Type</title>
            <useReportChart>false</useReportChart>
        </components>
        <components>
            <autoselectColumnsFromReport>true</autoselectColumnsFromReport>
            <chartAxisRange>Auto</chartAxisRange>
            <componentType>Bar</componentType>
            <displayUnits>Auto</displayUnits>
            <drillEnabled>false</drillEnabled>
            <drillToDetailEnabled>false</drillToDetailEnabled>
            <enableHover>false</enableHover>
            <expandOthers>false</expandOthers>
            <header>Support</header>
            <legendPosition>Bottom</legendPosition>
            <report>unfiled$public/SampleReportOpenCasesByPriority</report>
            <showPercentage>false</showPercentage>
            <showValues>false</showValues>
            <sortBy>RowLabelAscending</sortBy>
            <title>Open Cases By Priority</title>
            <useReportChart>false</useReportChart>
        </components>
        <components>
            <autoselectColumnsFromReport>true</autoselectColumnsFromReport>
            <chartAxisRange>Auto</chartAxisRange>
            <componentType>BarStacked</componentType>
            <displayUnits>Auto</displayUnits>
            <drillEnabled>false</drillEnabled>
            <drillToDetailEnabled>false</drillToDetailEnabled>
            <enableHover>false</enableHover>
            <expandOthers>false</expandOthers>
            <header>Cases by Rep</header>
            <legendPosition>Bottom</legendPosition>
            <report>unfiled$public/SampleReportCasesStatusbyRep</report>
            <showPercentage>false</showPercentage>
            <showValues>false</showValues>
            <sortBy>RowLabelDescending</sortBy>
            <title>Number of Cases</title>
            <useReportChart>false</useReportChart>
        </components>
        <components>
            <autoselectColumnsFromReport>true</autoselectColumnsFromReport>
            <chartAxisRange>Auto</chartAxisRange>
            <componentType>ColumnStacked</componentType>
            <displayUnits>Auto</displayUnits>
            <drillEnabled>false</drillEnabled>
            <drillToDetailEnabled>false</drillToDetailEnabled>
            <enableHover>false</enableHover>
            <expandOthers>false</expandOthers>
            <header>Solution Knowledgebase</header>
            <legendPosition>Bottom</legendPosition>
            <report>unfiled$public/SampleReportSolutionsAdded</report>
            <showPercentage>false</showPercentage>
            <showValues>false</showValues>
            <sortBy>RowLabelAscending</sortBy>
            <title># of Solutions Added</title>
            <useReportChart>false</useReportChart>
        </components>
    </rightSection>
    <runningUser>sfadmin@visiolending.com</runningUser>
    <textColor>#000000</textColor>
    <title>Company Performance Dashboard</title>
    <titleColor>#000099</titleColor>
    <titleSize>12</titleSize>
</Dashboard>
