<?xml version="1.0" encoding="UTF-8"?>
<Dashboard xmlns="http://soap.sforce.com/2006/04/metadata">
    <backgroundEndColor>#FFFFFF</backgroundEndColor>
    <backgroundFadeDirection>Diagonal</backgroundFadeDirection>
    <backgroundStartColor>#FFFFFF</backgroundStartColor>
    <chartTheme>light</chartTheme>
    <colorPalette>unity</colorPalette>
    <dashboardChartTheme>light</dashboardChartTheme>
    <dashboardColorPalette>unity</dashboardColorPalette>
    <dashboardGridLayout>
        <dashboardGridComponents>
            <colSpan>3</colSpan>
            <columnIndex>0</columnIndex>
            <dashboardComponent>
                <autoselectColumnsFromReport>false</autoselectColumnsFromReport>
                <chartAxisRange>Auto</chartAxisRange>
                <chartSummary>
                    <axisBinding>y</axisBinding>
                    <column>RowCount</column>
                </chartSummary>
                <componentType>Donut</componentType>
                <decimalPrecision>-1</decimalPrecision>
                <displayUnits>Auto</displayUnits>
                <drillEnabled>false</drillEnabled>
                <drillToDetailEnabled>false</drillToDetailEnabled>
                <enableHover>false</enableHover>
                <expandOthers>false</expandOthers>
                <groupingColumn>Activity.Queue_Time__c</groupingColumn>
                <header>Appraisal Order Queue</header>
                <legendPosition>Right</legendPosition>
                <report>K_Irsch_Reports/Appraisal_Order_Request</report>
                <showPercentage>false</showPercentage>
                <showTotal>true</showTotal>
                <showValues>true</showValues>
                <sortBy>RowValueDescending</sortBy>
                <useReportChart>false</useReportChart>
            </dashboardComponent>
            <rowIndex>0</rowIndex>
            <rowSpan>4</rowSpan>
        </dashboardGridComponents>
        <dashboardGridComponents>
            <colSpan>3</colSpan>
            <columnIndex>3</columnIndex>
            <dashboardComponent>
                <autoselectColumnsFromReport>false</autoselectColumnsFromReport>
                <chartAxisRange>Auto</chartAxisRange>
                <chartSummary>
                    <axisBinding>y</axisBinding>
                    <column>RowCount</column>
                </chartSummary>
                <componentType>Column</componentType>
                <decimalPrecision>-1</decimalPrecision>
                <displayUnits>Auto</displayUnits>
                <drillEnabled>false</drillEnabled>
                <drillToDetailEnabled>false</drillToDetailEnabled>
                <enableHover>false</enableHover>
                <expandOthers>false</expandOthers>
                <groupingColumn>Opportunity.Appraisal_Ordered_Date__c</groupingColumn>
                <header>Appraisal Invoice Ordered</header>
                <legendPosition>Bottom</legendPosition>
                <report>Sales_Management/Appraisal_Invoice_Ordered_Paid</report>
                <showPercentage>false</showPercentage>
                <showValues>true</showValues>
                <sortBy>RowLabelAscending</sortBy>
                <useReportChart>false</useReportChart>
            </dashboardComponent>
            <rowIndex>0</rowIndex>
            <rowSpan>4</rowSpan>
        </dashboardGridComponents>
        <dashboardGridComponents>
            <colSpan>3</colSpan>
            <columnIndex>6</columnIndex>
            <dashboardComponent>
                <autoselectColumnsFromReport>false</autoselectColumnsFromReport>
                <chartAxisRange>Auto</chartAxisRange>
                <chartSummary>
                    <axisBinding>y</axisBinding>
                    <column>RowCount</column>
                </chartSummary>
                <componentType>Column</componentType>
                <decimalPrecision>-1</decimalPrecision>
                <displayUnits>Auto</displayUnits>
                <drillEnabled>false</drillEnabled>
                <drillToDetailEnabled>false</drillToDetailEnabled>
                <enableHover>false</enableHover>
                <expandOthers>false</expandOthers>
                <groupingColumn>Activity.created_date_time__c</groupingColumn>
                <header>Appraisal Order Kickback</header>
                <legendPosition>Bottom</legendPosition>
                <report>unfiled$public/Kickback_Report</report>
                <showPercentage>false</showPercentage>
                <showValues>true</showValues>
                <sortBy>RowLabelAscending</sortBy>
                <useReportChart>false</useReportChart>
            </dashboardComponent>
            <rowIndex>0</rowIndex>
            <rowSpan>4</rowSpan>
        </dashboardGridComponents>
        <dashboardGridComponents>
            <colSpan>3</colSpan>
            <columnIndex>0</columnIndex>
            <dashboardComponent>
                <autoselectColumnsFromReport>false</autoselectColumnsFromReport>
                <chartAxisRange>Auto</chartAxisRange>
                <chartSummary>
                    <axisBinding>y</axisBinding>
                    <column>RowCount</column>
                </chartSummary>
                <componentType>Donut</componentType>
                <decimalPrecision>-1</decimalPrecision>
                <displayUnits>Auto</displayUnits>
                <drillEnabled>false</drillEnabled>
                <drillToDetailEnabled>false</drillToDetailEnabled>
                <enableHover>false</enableHover>
                <expandOthers>false</expandOthers>
                <groupingColumn>Opportunity.Sent_to_Pre_Processing_Latency__c</groupingColumn>
                <header>Pre-Processing Queue</header>
                <legendPosition>Right</legendPosition>
                <maxValuesDisplayed>20</maxValuesDisplayed>
                <report>Sales_Management/PreProcessing_Queue_SLA_QCe</report>
                <showPercentage>false</showPercentage>
                <showTotal>true</showTotal>
                <showValues>true</showValues>
                <sortBy>RowLabelDescending</sortBy>
                <useReportChart>false</useReportChart>
            </dashboardComponent>
            <rowIndex>4</rowIndex>
            <rowSpan>4</rowSpan>
        </dashboardGridComponents>
        <dashboardGridComponents>
            <colSpan>3</colSpan>
            <columnIndex>3</columnIndex>
            <dashboardComponent>
                <autoselectColumnsFromReport>false</autoselectColumnsFromReport>
                <chartAxisRange>Auto</chartAxisRange>
                <chartSummary>
                    <axisBinding>y</axisBinding>
                    <column>RowCount</column>
                </chartSummary>
                <componentType>Column</componentType>
                <decimalPrecision>-1</decimalPrecision>
                <displayUnits>Auto</displayUnits>
                <drillEnabled>false</drillEnabled>
                <drillToDetailEnabled>false</drillToDetailEnabled>
                <enableHover>false</enableHover>
                <expandOthers>false</expandOthers>
                <groupingColumn>Opportunity.Date_Sent_to_Processing__c</groupingColumn>
                <header>Loans sent to Processing MTD by day</header>
                <legendPosition>Bottom</legendPosition>
                <report>Sales_Management/Loans_sent_to_Processing_MTD_by_day_DZX</report>
                <showPercentage>false</showPercentage>
                <showValues>true</showValues>
                <sortBy>RowLabelAscending</sortBy>
                <useReportChart>false</useReportChart>
            </dashboardComponent>
            <rowIndex>4</rowIndex>
            <rowSpan>4</rowSpan>
        </dashboardGridComponents>
        <dashboardGridComponents>
            <colSpan>3</colSpan>
            <columnIndex>6</columnIndex>
            <dashboardComponent>
                <autoselectColumnsFromReport>false</autoselectColumnsFromReport>
                <chartAxisRange>Auto</chartAxisRange>
                <chartSummary>
                    <axisBinding>y</axisBinding>
                    <column>RowCount</column>
                </chartSummary>
                <componentType>Column</componentType>
                <decimalPrecision>-1</decimalPrecision>
                <displayUnits>Auto</displayUnits>
                <drillEnabled>false</drillEnabled>
                <drillToDetailEnabled>false</drillToDetailEnabled>
                <enableHover>false</enableHover>
                <expandOthers>false</expandOthers>
                <groupingColumn>Opportunity.Date_sent_back_to_application__c</groupingColumn>
                <header>STP Kickback</header>
                <legendPosition>Bottom</legendPosition>
                <report>Sales_Management/STP_Kickback_Last_30_days_KgU</report>
                <showPercentage>false</showPercentage>
                <showValues>true</showValues>
                <sortBy>RowLabelAscending</sortBy>
                <useReportChart>false</useReportChart>
            </dashboardComponent>
            <rowIndex>4</rowIndex>
            <rowSpan>4</rowSpan>
        </dashboardGridComponents>
        <dashboardGridComponents>
            <colSpan>3</colSpan>
            <columnIndex>0</columnIndex>
            <dashboardComponent>
                <autoselectColumnsFromReport>false</autoselectColumnsFromReport>
                <chartAxisRange>Auto</chartAxisRange>
                <chartSummary>
                    <axisBinding>y</axisBinding>
                    <column>RowCount</column>
                </chartSummary>
                <componentType>BarGrouped</componentType>
                <decimalPrecision>-1</decimalPrecision>
                <displayUnits>Auto</displayUnits>
                <drillEnabled>false</drillEnabled>
                <drillToDetailEnabled>false</drillToDetailEnabled>
                <enableHover>false</enableHover>
                <expandOthers>false</expandOthers>
                <groupingColumn>Jr_Processing_Tasks__c.Jr_Processor__c</groupingColumn>
                <groupingColumn>Jr_Processing_Tasks__c.Status__c</groupingColumn>
                <header>Appraisal Review Queue</header>
                <legendPosition>Right</legendPosition>
                <report>unfiled$public/Appraisal_Review_Queue_pKt</report>
                <showPercentage>false</showPercentage>
                <showValues>true</showValues>
                <sortBy>RowValueDescending</sortBy>
                <useReportChart>false</useReportChart>
            </dashboardComponent>
            <rowIndex>8</rowIndex>
            <rowSpan>4</rowSpan>
        </dashboardGridComponents>
        <dashboardGridComponents>
            <colSpan>3</colSpan>
            <columnIndex>3</columnIndex>
            <dashboardComponent>
                <autoselectColumnsFromReport>false</autoselectColumnsFromReport>
                <chartAxisRange>Auto</chartAxisRange>
                <chartSummary>
                    <axisBinding>y</axisBinding>
                    <column>RowCount</column>
                </chartSummary>
                <componentType>Bar</componentType>
                <decimalPrecision>-1</decimalPrecision>
                <displayUnits>Auto</displayUnits>
                <drillEnabled>false</drillEnabled>
                <drillToDetailEnabled>false</drillToDetailEnabled>
                <enableHover>false</enableHover>
                <expandOthers>false</expandOthers>
                <groupingColumn>Activity.Queue_Time__c</groupingColumn>
                <header>Broker Approval Queue</header>
                <legendPosition>Bottom</legendPosition>
                <report>unfiled$public/Broker_Approval_Queue_mgx</report>
                <showPercentage>false</showPercentage>
                <showValues>true</showValues>
                <sortBy>RowValueDescending</sortBy>
                <useReportChart>false</useReportChart>
            </dashboardComponent>
            <rowIndex>8</rowIndex>
            <rowSpan>4</rowSpan>
        </dashboardGridComponents>
        <dashboardGridComponents>
            <colSpan>3</colSpan>
            <columnIndex>6</columnIndex>
            <dashboardComponent>
                <autoselectColumnsFromReport>false</autoselectColumnsFromReport>
                <componentType>FlexTable</componentType>
                <flexComponentProperties>
                    <decimalPrecision>-1</decimalPrecision>
                    <flexTableColumn>
                        <reportColumn>FK_NAME</reportColumn>
                        <showTotal>false</showTotal>
                        <type>detail</type>
                    </flexTableColumn>
                    <flexTableColumn>
                        <reportColumn>FK_Valuation__c.Stage__c</reportColumn>
                        <showTotal>false</showTotal>
                        <type>detail</type>
                    </flexTableColumn>
                    <flexTableColumn>
                        <reportColumn>OPPORTUNITY_OWNER</reportColumn>
                        <showTotal>false</showTotal>
                        <type>detail</type>
                    </flexTableColumn>
                    <flexTableColumn>
                        <reportColumn>Opportunity.Borrower_Contact__c</reportColumn>
                        <showTotal>false</showTotal>
                        <type>detail</type>
                    </flexTableColumn>
                    <flexTableColumn>
                        <reportColumn>TASK</reportColumn>
                        <showTotal>false</showTotal>
                        <type>detail</type>
                    </flexTableColumn>
                    <flexTableSortInfo>
                        <sortColumn>FK_NAME</sortColumn>
                        <sortOrder>1</sortOrder>
                    </flexTableSortInfo>
                    <hideChatterPhotos>true</hideChatterPhotos>
                </flexComponentProperties>
                <header>Desk Review Queue</header>
                <report>unfiled$public/Desk_re_a4O</report>
            </dashboardComponent>
            <rowIndex>8</rowIndex>
            <rowSpan>4</rowSpan>
        </dashboardGridComponents>
        <numberOfColumns>9</numberOfColumns>
        <rowHeight>80</rowHeight>
    </dashboardGridLayout>
    <dashboardType>SpecifiedUser</dashboardType>
    <isGridLayout>true</isGridLayout>
    <runningUser>jeremy.montgomery@visiolending.com</runningUser>
    <textColor>#000000</textColor>
    <title>Front End Sales Ops</title>
    <titleColor>#000000</titleColor>
    <titleSize>12</titleSize>
</Dashboard>
