<?xml version="1.0" encoding="UTF-8"?>
<Dashboard xmlns="http://soap.sforce.com/2006/04/metadata">
    <backgroundEndColor>#FFFFFF</backgroundEndColor>
    <backgroundFadeDirection>Diagonal</backgroundFadeDirection>
    <backgroundStartColor>#FFFFFF</backgroundStartColor>
    <chartTheme>light</chartTheme>
    <colorPalette>unity</colorPalette>
    <dashboardChartTheme>light</dashboardChartTheme>
    <dashboardColorPalette>unity</dashboardColorPalette>
    <dashboardGridLayout>
        <dashboardGridComponents>
            <colSpan>4</colSpan>
            <columnIndex>0</columnIndex>
            <dashboardComponent>
                <autoselectColumnsFromReport>true</autoselectColumnsFromReport>
                <chartAxisRange>Auto</chartAxisRange>
                <componentType>Bar</componentType>
                <displayUnits>Auto</displayUnits>
                <drillEnabled>false</drillEnabled>
                <drillToDetailEnabled>false</drillToDetailEnabled>
                <enableHover>false</enableHover>
                <expandOthers>false</expandOthers>
                <legendPosition>Bottom</legendPosition>
                <report>Sales_Management/Appraisal_Review_by_Agent_MTD_cJ9</report>
                <showPercentage>false</showPercentage>
                <showValues>true</showValues>
                <sortBy>RowLabelAscending</sortBy>
                <title>Appraisal Review by Agent MTD</title>
                <useReportChart>true</useReportChart>
            </dashboardComponent>
            <rowIndex>0</rowIndex>
            <rowSpan>10</rowSpan>
        </dashboardGridComponents>
        <dashboardGridComponents>
            <colSpan>4</colSpan>
            <columnIndex>4</columnIndex>
            <dashboardComponent>
                <autoselectColumnsFromReport>true</autoselectColumnsFromReport>
                <chartAxisRange>Auto</chartAxisRange>
                <componentType>Bar</componentType>
                <displayUnits>Auto</displayUnits>
                <drillEnabled>false</drillEnabled>
                <drillToDetailEnabled>false</drillToDetailEnabled>
                <enableHover>false</enableHover>
                <expandOthers>false</expandOthers>
                <report>Sales_Management/Copy_of_Appraisal_Review_by_Agent_WTD_E7j</report>
                <showPercentage>false</showPercentage>
                <showValues>false</showValues>
                <sortBy>RowLabelAscending</sortBy>
                <title>Appraisal Review by Agent WTD</title>
                <useReportChart>true</useReportChart>
            </dashboardComponent>
            <rowIndex>0</rowIndex>
            <rowSpan>10</rowSpan>
        </dashboardGridComponents>
        <dashboardGridComponents>
            <colSpan>4</colSpan>
            <columnIndex>8</columnIndex>
            <dashboardComponent>
                <autoselectColumnsFromReport>true</autoselectColumnsFromReport>
                <chartAxisRange>Auto</chartAxisRange>
                <componentType>Bar</componentType>
                <displayUnits>Auto</displayUnits>
                <drillEnabled>false</drillEnabled>
                <drillToDetailEnabled>false</drillToDetailEnabled>
                <enableHover>false</enableHover>
                <expandOthers>false</expandOthers>
                <report>Sales_Management/Appraisal_Review_by_Agent_Today_yfj</report>
                <showPercentage>false</showPercentage>
                <showValues>false</showValues>
                <sortBy>RowLabelAscending</sortBy>
                <title>Appraisal Review by Agent Today</title>
                <useReportChart>true</useReportChart>
            </dashboardComponent>
            <rowIndex>0</rowIndex>
            <rowSpan>10</rowSpan>
        </dashboardGridComponents>
        <dashboardGridComponents>
            <colSpan>6</colSpan>
            <columnIndex>0</columnIndex>
            <dashboardComponent>
                <autoselectColumnsFromReport>true</autoselectColumnsFromReport>
                <chartAxisRange>Auto</chartAxisRange>
                <componentType>Bar</componentType>
                <displayUnits>Auto</displayUnits>
                <drillEnabled>false</drillEnabled>
                <drillToDetailEnabled>false</drillToDetailEnabled>
                <enableHover>false</enableHover>
                <expandOthers>false</expandOthers>
                <report>Sales_Management/Avg_Task_Duration_Claiming_Latency_MTD_9hN</report>
                <showPercentage>false</showPercentage>
                <showValues>false</showValues>
                <sortBy>RowLabelAscending</sortBy>
                <title>Avg Task Duration/ Claiming Latency MTD</title>
                <useReportChart>true</useReportChart>
            </dashboardComponent>
            <rowIndex>10</rowIndex>
            <rowSpan>10</rowSpan>
        </dashboardGridComponents>
        <dashboardGridComponents>
            <colSpan>6</colSpan>
            <columnIndex>6</columnIndex>
            <dashboardComponent>
                <autoselectColumnsFromReport>false</autoselectColumnsFromReport>
                <chartAxisRange>Auto</chartAxisRange>
                <chartSummary>
                    <axisBinding>y</axisBinding>
                    <column>RowCount</column>
                </chartSummary>
                <componentType>Funnel</componentType>
                <decimalPrecision>-1</decimalPrecision>
                <displayUnits>Auto</displayUnits>
                <drillEnabled>false</drillEnabled>
                <drillToDetailEnabled>false</drillToDetailEnabled>
                <enableHover>false</enableHover>
                <expandOthers>false</expandOthers>
                <groupingColumn>STATUS</groupingColumn>
                <legendPosition>Right</legendPosition>
                <report>Sales_Management/Copy_of_Appraisal_Review_Queue_6MY</report>
                <showPercentage>false</showPercentage>
                <showValues>true</showValues>
                <sortBy>RowLabelAscending</sortBy>
                <useReportChart>false</useReportChart>
            </dashboardComponent>
            <rowIndex>10</rowIndex>
            <rowSpan>10</rowSpan>
        </dashboardGridComponents>
        <dashboardGridComponents>
            <colSpan>4</colSpan>
            <columnIndex>0</columnIndex>
            <dashboardComponent>
                <autoselectColumnsFromReport>true</autoselectColumnsFromReport>
                <chartAxisRange>Auto</chartAxisRange>
                <componentType>Bar</componentType>
                <displayUnits>Auto</displayUnits>
                <drillEnabled>false</drillEnabled>
                <drillToDetailEnabled>false</drillToDetailEnabled>
                <enableHover>false</enableHover>
                <expandOthers>false</expandOthers>
                <report>Sales_Management/STP_by_Agent_MTD_eKv</report>
                <showPercentage>false</showPercentage>
                <showValues>false</showValues>
                <sortBy>RowLabelAscending</sortBy>
                <title>STP by Agent MTD</title>
                <useReportChart>true</useReportChart>
            </dashboardComponent>
            <rowIndex>20</rowIndex>
            <rowSpan>10</rowSpan>
        </dashboardGridComponents>
        <dashboardGridComponents>
            <colSpan>4</colSpan>
            <columnIndex>4</columnIndex>
            <dashboardComponent>
                <autoselectColumnsFromReport>true</autoselectColumnsFromReport>
                <chartAxisRange>Auto</chartAxisRange>
                <componentType>Bar</componentType>
                <displayUnits>Auto</displayUnits>
                <drillEnabled>false</drillEnabled>
                <drillToDetailEnabled>false</drillToDetailEnabled>
                <enableHover>false</enableHover>
                <expandOthers>false</expandOthers>
                <header>STP by Agent WTD</header>
                <report>Sales_Management/STP_by_Agent_WTD_ODQ</report>
                <showPercentage>false</showPercentage>
                <showValues>false</showValues>
                <sortBy>RowLabelAscending</sortBy>
                <useReportChart>true</useReportChart>
            </dashboardComponent>
            <rowIndex>20</rowIndex>
            <rowSpan>10</rowSpan>
        </dashboardGridComponents>
        <dashboardGridComponents>
            <colSpan>4</colSpan>
            <columnIndex>8</columnIndex>
            <dashboardComponent>
                <autoselectColumnsFromReport>true</autoselectColumnsFromReport>
                <chartAxisRange>Auto</chartAxisRange>
                <componentType>Bar</componentType>
                <displayUnits>Auto</displayUnits>
                <drillEnabled>false</drillEnabled>
                <drillToDetailEnabled>false</drillToDetailEnabled>
                <enableHover>false</enableHover>
                <expandOthers>false</expandOthers>
                <report>Sales_Management/STP_by_Agent_Today_2oN</report>
                <showPercentage>false</showPercentage>
                <showValues>false</showValues>
                <sortBy>RowLabelAscending</sortBy>
                <title>STP by Agent Today</title>
                <useReportChart>true</useReportChart>
            </dashboardComponent>
            <rowIndex>20</rowIndex>
            <rowSpan>10</rowSpan>
        </dashboardGridComponents>
        <dashboardGridComponents>
            <colSpan>6</colSpan>
            <columnIndex>0</columnIndex>
            <dashboardComponent>
                <autoselectColumnsFromReport>true</autoselectColumnsFromReport>
                <chartAxisRange>Auto</chartAxisRange>
                <componentType>Bar</componentType>
                <displayUnits>Auto</displayUnits>
                <drillEnabled>false</drillEnabled>
                <drillToDetailEnabled>false</drillToDetailEnabled>
                <enableHover>false</enableHover>
                <expandOthers>false</expandOthers>
                <report>Sales_Management/STP_Avg_Duration_Latency_MTD_sxK</report>
                <showPercentage>false</showPercentage>
                <showValues>false</showValues>
                <sortBy>RowLabelAscending</sortBy>
                <title>STP Avg Duration/ Latency MTD</title>
                <useReportChart>true</useReportChart>
            </dashboardComponent>
            <rowIndex>30</rowIndex>
            <rowSpan>10</rowSpan>
        </dashboardGridComponents>
        <dashboardGridComponents>
            <colSpan>6</colSpan>
            <columnIndex>6</columnIndex>
            <dashboardComponent>
                <autoselectColumnsFromReport>true</autoselectColumnsFromReport>
                <chartAxisRange>Auto</chartAxisRange>
                <componentType>Bar</componentType>
                <displayUnits>Auto</displayUnits>
                <drillEnabled>false</drillEnabled>
                <drillToDetailEnabled>false</drillToDetailEnabled>
                <enableHover>false</enableHover>
                <expandOthers>false</expandOthers>
                <report>Sales_Management/STP_Queue_hMw</report>
                <showPercentage>false</showPercentage>
                <showValues>false</showValues>
                <sortBy>RowLabelAscending</sortBy>
                <title>STP Queue</title>
                <useReportChart>true</useReportChart>
            </dashboardComponent>
            <rowIndex>30</rowIndex>
            <rowSpan>10</rowSpan>
        </dashboardGridComponents>
        <numberOfColumns>12</numberOfColumns>
        <rowHeight>36</rowHeight>
    </dashboardGridLayout>
    <dashboardType>SpecifiedUser</dashboardType>
    <isGridLayout>true</isGridLayout>
    <runningUser>alejandro.gonzalez@visiolending.com</runningUser>
    <textColor>#000000</textColor>
    <title>Appraisal Reviews Overview</title>
    <titleColor>#000000</titleColor>
    <titleSize>12</titleSize>
</Dashboard>
