<?xml version="1.0" encoding="UTF-8"?>
<Dashboard xmlns="http://soap.sforce.com/2006/04/metadata">
    <backgroundEndColor>#FFFFFF</backgroundEndColor>
    <backgroundFadeDirection>Diagonal</backgroundFadeDirection>
    <backgroundStartColor>#FFFFFF</backgroundStartColor>
    <chartTheme>light</chartTheme>
    <colorPalette>unity</colorPalette>
    <dashboardChartTheme>light</dashboardChartTheme>
    <dashboardColorPalette>unity</dashboardColorPalette>
    <dashboardGridLayout>
        <dashboardGridComponents>
            <colSpan>6</colSpan>
            <columnIndex>0</columnIndex>
            <dashboardComponent>
                <autoselectColumnsFromReport>false</autoselectColumnsFromReport>
                <chartAxisRange>Auto</chartAxisRange>
                <chartSummary>
                    <axisBinding>y</axisBinding>
                    <column>RowCount</column>
                </chartSummary>
                <componentType>Donut</componentType>
                <decimalPrecision>-1</decimalPrecision>
                <displayUnits>Integer</displayUnits>
                <drillEnabled>false</drillEnabled>
                <drillToDetailEnabled>false</drillToDetailEnabled>
                <enableHover>false</enableHover>
                <expandOthers>false</expandOthers>
                <groupingColumn>BucketField_48877886</groupingColumn>
                <legendPosition>Right</legendPosition>
                <maxValuesDisplayed>6</maxValuesDisplayed>
                <report>Sales_Management/Closed_Won_Loans_and_Total_Amoun_ZDu</report>
                <showPercentage>true</showPercentage>
                <showTotal>true</showTotal>
                <showValues>true</showValues>
                <sortBy>RowLabelAscending</sortBy>
                <title>Once Closed/ Multiple Closed Ratio</title>
                <useReportChart>false</useReportChart>
            </dashboardComponent>
            <rowIndex>0</rowIndex>
            <rowSpan>11</rowSpan>
        </dashboardGridComponents>
        <dashboardGridComponents>
            <colSpan>6</colSpan>
            <columnIndex>6</columnIndex>
            <dashboardComponent>
                <autoselectColumnsFromReport>false</autoselectColumnsFromReport>
                <componentType>FlexTable</componentType>
                <flexComponentProperties>
                    <decimalPrecision>-1</decimalPrecision>
                    <flexTableColumn>
                        <reportColumn>BucketField_82775614</reportColumn>
                        <showTotal>true</showTotal>
                        <type>grouping</type>
                    </flexTableColumn>
                    <flexTableColumn>
                        <reportColumn>a!Contact.of_Years_of_Investment__c</reportColumn>
                        <showTotal>true</showTotal>
                        <type>aggregate</type>
                    </flexTableColumn>
                    <flexTableColumn>
                        <reportColumn>a!Contact.Credit_Score_New__c</reportColumn>
                        <showTotal>true</showTotal>
                        <type>aggregate</type>
                    </flexTableColumn>
                    <flexTableColumn>
                        <reportColumn>a!Contact.Num_of_Properties_Owned__c</reportColumn>
                        <showTotal>true</showTotal>
                        <type>aggregate</type>
                    </flexTableColumn>
                    <flexTableSortInfo>
                        <sortOrder>1</sortOrder>
                    </flexTableSortInfo>
                    <hideChatterPhotos>true</hideChatterPhotos>
                </flexComponentProperties>
                <report>Sales_Management/NewRepeat_Customers_Balance_Last_FY_xRu</report>
                <title>Contact Info by &quot;New&quot; or &quot;Repeat&quot; cust..</title>
            </dashboardComponent>
            <rowIndex>0</rowIndex>
            <rowSpan>11</rowSpan>
        </dashboardGridComponents>
        <dashboardGridComponents>
            <colSpan>6</colSpan>
            <columnIndex>0</columnIndex>
            <dashboardComponent>
                <autoselectColumnsFromReport>false</autoselectColumnsFromReport>
                <chartAxisRange>Auto</chartAxisRange>
                <chartSummary>
                    <axisBinding>y</axisBinding>
                    <column>FORMULA1</column>
                </chartSummary>
                <componentType>Bar</componentType>
                <decimalPrecision>-1</decimalPrecision>
                <displayUnits>Auto</displayUnits>
                <drillEnabled>false</drillEnabled>
                <drillToDetailEnabled>false</drillToDetailEnabled>
                <enableHover>false</enableHover>
                <expandOthers>false</expandOthers>
                <groupingColumn>LEAD_SOURCE</groupingColumn>
                <legendPosition>Bottom</legendPosition>
                <report>SFDC_IT_Reporting/Conversion_Rate</report>
                <showPercentage>false</showPercentage>
                <showValues>true</showValues>
                <sortBy>RowLabelAscending</sortBy>
                <title>Conversion Report by Lead Source</title>
                <useReportChart>false</useReportChart>
            </dashboardComponent>
            <rowIndex>11</rowIndex>
            <rowSpan>11</rowSpan>
        </dashboardGridComponents>
        <dashboardGridComponents>
            <colSpan>6</colSpan>
            <columnIndex>6</columnIndex>
            <dashboardComponent>
                <autoselectColumnsFromReport>false</autoselectColumnsFromReport>
                <chartAxisRange>Auto</chartAxisRange>
                <chartSummary>
                    <aggregate>Sum</aggregate>
                    <axisBinding>y</axisBinding>
                    <column>Opportunity$Loan_Amount__c</column>
                </chartSummary>
                <componentType>Donut</componentType>
                <decimalPrecision>-1</decimalPrecision>
                <displayUnits>Auto</displayUnits>
                <drillEnabled>false</drillEnabled>
                <drillToDetailEnabled>false</drillToDetailEnabled>
                <enableHover>false</enableHover>
                <expandOthers>false</expandOthers>
                <groupingColumn>Opportunity$Broker_or_Referrer__c</groupingColumn>
                <legendPosition>Right</legendPosition>
                <maxValuesDisplayed>6</maxValuesDisplayed>
                <report>Sales_Management/Closed_Won_BrokerReferrer_oGV</report>
                <showPercentage>false</showPercentage>
                <showTotal>true</showTotal>
                <showValues>true</showValues>
                <sortBy>RowLabelAscending</sortBy>
                <title>Closed Won Broker/Referrer</title>
                <useReportChart>false</useReportChart>
            </dashboardComponent>
            <rowIndex>11</rowIndex>
            <rowSpan>11</rowSpan>
        </dashboardGridComponents>
        <dashboardGridComponents>
            <colSpan>6</colSpan>
            <columnIndex>0</columnIndex>
            <dashboardComponent>
                <autoselectColumnsFromReport>false</autoselectColumnsFromReport>
                <chartAxisRange>Auto</chartAxisRange>
                <chartSummary>
                    <axisBinding>y</axisBinding>
                    <column>FORMULA1</column>
                </chartSummary>
                <componentType>Bar</componentType>
                <decimalPrecision>-1</decimalPrecision>
                <displayUnits>Auto</displayUnits>
                <drillEnabled>false</drillEnabled>
                <drillToDetailEnabled>false</drillToDetailEnabled>
                <enableHover>false</enableHover>
                <expandOthers>false</expandOthers>
                <groupingColumn>Lead.Bucketed_Original_Source__c</groupingColumn>
                <legendPosition>Bottom</legendPosition>
                <report>SFDC_IT_Reporting/Conversion_Report_for_Affiliate_by_Sourc_UqR</report>
                <showPercentage>false</showPercentage>
                <showValues>true</showValues>
                <sortBy>RowLabelAscending</sortBy>
                <title>Affiliate conversion by Source</title>
                <useReportChart>false</useReportChart>
            </dashboardComponent>
            <rowIndex>22</rowIndex>
            <rowSpan>12</rowSpan>
        </dashboardGridComponents>
        <dashboardGridComponents>
            <colSpan>6</colSpan>
            <columnIndex>6</columnIndex>
            <dashboardComponent>
                <autoselectColumnsFromReport>false</autoselectColumnsFromReport>
                <chartAxisRange>Auto</chartAxisRange>
                <chartSummary>
                    <axisBinding>y</axisBinding>
                    <column>FORMULA1</column>
                </chartSummary>
                <componentType>Bar</componentType>
                <decimalPrecision>-1</decimalPrecision>
                <displayUnits>Auto</displayUnits>
                <drillEnabled>false</drillEnabled>
                <drillToDetailEnabled>false</drillToDetailEnabled>
                <enableHover>false</enableHover>
                <expandOthers>false</expandOthers>
                <groupingColumn>Lead.Is_this_a_Broker_Referral__c</groupingColumn>
                <legendPosition>Bottom</legendPosition>
                <report>SFDC_IT_Reporting/Conversion_for_AE_Referrals_by_Broker_1Ua</report>
                <showPercentage>false</showPercentage>
                <showValues>true</showValues>
                <sortBy>RowLabelAscending</sortBy>
                <title>Conversion for AE Referrals by Broker</title>
                <useReportChart>false</useReportChart>
            </dashboardComponent>
            <rowIndex>22</rowIndex>
            <rowSpan>12</rowSpan>
        </dashboardGridComponents>
        <numberOfColumns>12</numberOfColumns>
        <rowHeight>36</rowHeight>
    </dashboardGridLayout>
    <dashboardType>SpecifiedUser</dashboardType>
    <isGridLayout>true</isGridLayout>
    <runningUser>alejandro.gonzalez@visiolending.com</runningUser>
    <textColor>#000000</textColor>
    <title>Marketing Dashboard</title>
    <titleColor>#000000</titleColor>
    <titleSize>12</titleSize>
</Dashboard>
