<?xml version="1.0" encoding="UTF-8"?>
<Dashboard xmlns="http://soap.sforce.com/2006/04/metadata">
    <backgroundEndColor>#FFFFFF</backgroundEndColor>
    <backgroundFadeDirection>Diagonal</backgroundFadeDirection>
    <backgroundStartColor>#FFFFFF</backgroundStartColor>
    <dashboardGridLayout>
        <dashboardGridComponents>
            <colSpan>3</colSpan>
            <columnIndex>0</columnIndex>
            <dashboardComponent>
                <autoselectColumnsFromReport>false</autoselectColumnsFromReport>
                <chartAxisRange>Auto</chartAxisRange>
                <chartSummary>
                    <axisBinding>y</axisBinding>
                    <column>RowCount</column>
                </chartSummary>
                <componentType>Donut</componentType>
                <decimalPrecision>-1</decimalPrecision>
                <displayUnits>Auto</displayUnits>
                <drillEnabled>false</drillEnabled>
                <drillToDetailEnabled>false</drillToDetailEnabled>
                <enableHover>true</enableHover>
                <expandOthers>false</expandOthers>
                <groupingColumn>Contact.PrimaryBorrowerLoans__r$Owner</groupingColumn>
                <legendPosition>Right</legendPosition>
                <report>Sales_Management/Loans_sent_to_Processing_MTD_P08</report>
                <showPercentage>false</showPercentage>
                <showTotal>true</showTotal>
                <showValues>true</showValues>
                <sortBy>RowValueDescending</sortBy>
                <title>Loans STP MTD</title>
                <useReportChart>false</useReportChart>
            </dashboardComponent>
            <rowIndex>0</rowIndex>
            <rowSpan>4</rowSpan>
        </dashboardGridComponents>
        <dashboardGridComponents>
            <colSpan>3</colSpan>
            <columnIndex>3</columnIndex>
            <dashboardComponent>
                <autoselectColumnsFromReport>false</autoselectColumnsFromReport>
                <chartAxisRange>Auto</chartAxisRange>
                <chartSummary>
                    <axisBinding>y</axisBinding>
                    <column>RowCount</column>
                </chartSummary>
                <componentType>Donut</componentType>
                <decimalPrecision>-1</decimalPrecision>
                <displayUnits>Auto</displayUnits>
                <drillEnabled>false</drillEnabled>
                <drillToDetailEnabled>false</drillToDetailEnabled>
                <enableHover>true</enableHover>
                <expandOthers>false</expandOthers>
                <groupingColumn>Contact.PrimaryBorrowerLoans__r$Owner</groupingColumn>
                <legendPosition>Right</legendPosition>
                <report>Sales_Management/Loans_STP_Yesterday_S2G</report>
                <showPercentage>false</showPercentage>
                <showTotal>true</showTotal>
                <showValues>true</showValues>
                <sortBy>RowValueDescending</sortBy>
                <title>Loans STP Yesterday</title>
                <useReportChart>false</useReportChart>
            </dashboardComponent>
            <rowIndex>0</rowIndex>
            <rowSpan>4</rowSpan>
        </dashboardGridComponents>
        <dashboardGridComponents>
            <colSpan>3</colSpan>
            <columnIndex>6</columnIndex>
            <dashboardComponent>
                <autoselectColumnsFromReport>false</autoselectColumnsFromReport>
                <chartAxisRange>Auto</chartAxisRange>
                <chartSummary>
                    <axisBinding>y</axisBinding>
                    <column>RowCount</column>
                </chartSummary>
                <componentType>Donut</componentType>
                <decimalPrecision>-1</decimalPrecision>
                <displayUnits>Auto</displayUnits>
                <drillEnabled>false</drillEnabled>
                <drillToDetailEnabled>false</drillToDetailEnabled>
                <enableHover>false</enableHover>
                <expandOthers>false</expandOthers>
                <groupingColumn>Contact.PrimaryBorrowerLoans__r$Owner</groupingColumn>
                <legendPosition>Right</legendPosition>
                <report>Sales_Management/Loans_STP_Today_ijq</report>
                <showPercentage>false</showPercentage>
                <showTotal>true</showTotal>
                <showValues>true</showValues>
                <sortBy>RowLabelAscending</sortBy>
                <title>Loans STP Today</title>
                <useReportChart>false</useReportChart>
            </dashboardComponent>
            <rowIndex>0</rowIndex>
            <rowSpan>4</rowSpan>
        </dashboardGridComponents>
        <dashboardGridComponents>
            <colSpan>3</colSpan>
            <columnIndex>0</columnIndex>
            <dashboardComponent>
                <autoselectColumnsFromReport>false</autoselectColumnsFromReport>
                <chartSummary>
                    <aggregate>Sum</aggregate>
                    <axisBinding>y</axisBinding>
                    <column>Contact.PrimaryBorrowerLoans__r$Loan_Amount__c</column>
                </chartSummary>
                <componentType>Gauge</componentType>
                <decimalPrecision>-1</decimalPrecision>
                <displayUnits>Millions</displayUnits>
                <gaugeMax>3.5E7</gaugeMax>
                <gaugeMin>1.0E7</gaugeMin>
                <indicatorBreakpoint1>2.0E7</indicatorBreakpoint1>
                <indicatorBreakpoint2>2.9E7</indicatorBreakpoint2>
                <indicatorHighColor>#00716B</indicatorHighColor>
                <indicatorLowColor>#C23934</indicatorLowColor>
                <indicatorMiddleColor>#FFB75D</indicatorMiddleColor>
                <report>Sales_Management/Loans_sent_to_Processing_MTD_P08</report>
                <showPercentage>false</showPercentage>
                <showRange>false</showRange>
                <showTotal>true</showTotal>
                <showValues>false</showValues>
                <title>Loans STP MTD $</title>
            </dashboardComponent>
            <rowIndex>4</rowIndex>
            <rowSpan>4</rowSpan>
        </dashboardGridComponents>
        <dashboardGridComponents>
            <colSpan>3</colSpan>
            <columnIndex>3</columnIndex>
            <dashboardComponent>
                <autoselectColumnsFromReport>false</autoselectColumnsFromReport>
                <chartSummary>
                    <aggregate>Average</aggregate>
                    <axisBinding>y</axisBinding>
                    <column>Contact.PrimaryBorrowerLoans__r$Loan_Amount__c</column>
                </chartSummary>
                <componentType>Gauge</componentType>
                <decimalPrecision>-1</decimalPrecision>
                <displayUnits>Auto</displayUnits>
                <gaugeMax>250000.0</gaugeMax>
                <gaugeMin>125000.0</gaugeMin>
                <indicatorBreakpoint1>150000.0</indicatorBreakpoint1>
                <indicatorBreakpoint2>175000.0</indicatorBreakpoint2>
                <indicatorHighColor>#00716B</indicatorHighColor>
                <indicatorLowColor>#C23934</indicatorLowColor>
                <indicatorMiddleColor>#FFB75D</indicatorMiddleColor>
                <report>Sales_Management/Loans_sent_to_Processing_MTD_P08</report>
                <showPercentage>false</showPercentage>
                <showRange>false</showRange>
                <showTotal>true</showTotal>
                <showValues>false</showValues>
                <title>Average Loan Amount STP MTD</title>
            </dashboardComponent>
            <rowIndex>4</rowIndex>
            <rowSpan>4</rowSpan>
        </dashboardGridComponents>
        <dashboardGridComponents>
            <colSpan>3</colSpan>
            <columnIndex>6</columnIndex>
            <dashboardComponent>
                <autoselectColumnsFromReport>false</autoselectColumnsFromReport>
                <chartSummary>
                    <aggregate>Average</aggregate>
                    <axisBinding>y</axisBinding>
                    <column>Contact$Credit_Score_New__c</column>
                </chartSummary>
                <componentType>Gauge</componentType>
                <decimalPrecision>-1</decimalPrecision>
                <displayUnits>Auto</displayUnits>
                <gaugeMax>780.0</gaugeMax>
                <gaugeMin>660.0</gaugeMin>
                <indicatorBreakpoint1>690.0</indicatorBreakpoint1>
                <indicatorBreakpoint2>710.0</indicatorBreakpoint2>
                <indicatorHighColor>#00716B</indicatorHighColor>
                <indicatorLowColor>#C23934</indicatorLowColor>
                <indicatorMiddleColor>#FFB75D</indicatorMiddleColor>
                <report>Sales_Management/Loans_sent_to_Processing_MTD_P08</report>
                <showPercentage>false</showPercentage>
                <showRange>false</showRange>
                <showTotal>true</showTotal>
                <showValues>false</showValues>
                <title>Average Credit Score Loans STP MTD</title>
            </dashboardComponent>
            <rowIndex>4</rowIndex>
            <rowSpan>4</rowSpan>
        </dashboardGridComponents>
        <dashboardGridComponents>
            <colSpan>3</colSpan>
            <columnIndex>0</columnIndex>
            <dashboardComponent>
                <autoselectColumnsFromReport>false</autoselectColumnsFromReport>
                <chartAxisRange>Auto</chartAxisRange>
                <chartSummary>
                    <axisBinding>y</axisBinding>
                    <column>RowCount</column>
                </chartSummary>
                <componentType>Bar</componentType>
                <decimalPrecision>-1</decimalPrecision>
                <displayUnits>Auto</displayUnits>
                <drillEnabled>false</drillEnabled>
                <drillToDetailEnabled>false</drillToDetailEnabled>
                <enableHover>true</enableHover>
                <expandOthers>false</expandOthers>
                <groupingColumn>Contact.PrimaryBorrowerLoans__r$Owner</groupingColumn>
                <legendPosition>Bottom</legendPosition>
                <report>Sales_Management/PL_Loans_STP_MTD_Masters_Only_d4r</report>
                <showPercentage>false</showPercentage>
                <showValues>true</showValues>
                <sortBy>RowValueDescending</sortBy>
                <title>Portfolio Loans STP MTD</title>
                <useReportChart>false</useReportChart>
            </dashboardComponent>
            <rowIndex>8</rowIndex>
            <rowSpan>4</rowSpan>
        </dashboardGridComponents>
        <dashboardGridComponents>
            <colSpan>3</colSpan>
            <columnIndex>3</columnIndex>
            <dashboardComponent>
                <autoselectColumnsFromReport>false</autoselectColumnsFromReport>
                <chartAxisRange>Auto</chartAxisRange>
                <chartSummary>
                    <axisBinding>y</axisBinding>
                    <column>RowCount</column>
                </chartSummary>
                <componentType>Donut</componentType>
                <decimalPrecision>-1</decimalPrecision>
                <displayUnits>Auto</displayUnits>
                <drillEnabled>false</drillEnabled>
                <drillToDetailEnabled>false</drillToDetailEnabled>
                <enableHover>true</enableHover>
                <expandOthers>false</expandOthers>
                <groupingColumn>Contact.PrimaryBorrowerLoans__r$Owner</groupingColumn>
                <legendPosition>Right</legendPosition>
                <report>Sales_Management/PreProcessing_Queue_by_AE_NEW_GKR</report>
                <showPercentage>false</showPercentage>
                <showTotal>true</showTotal>
                <showValues>true</showValues>
                <sortBy>RowLabelAscending</sortBy>
                <title>Pre-Processing Queue</title>
                <useReportChart>false</useReportChart>
            </dashboardComponent>
            <rowIndex>8</rowIndex>
            <rowSpan>4</rowSpan>
        </dashboardGridComponents>
        <dashboardGridComponents>
            <colSpan>3</colSpan>
            <columnIndex>6</columnIndex>
            <dashboardComponent>
                <autoselectColumnsFromReport>false</autoselectColumnsFromReport>
                <chartSummary>
                    <aggregate>Sum</aggregate>
                    <axisBinding>y</axisBinding>
                    <column>Contact.PrimaryBorrowerLoans__r$Loan_Amount__c</column>
                </chartSummary>
                <componentType>Gauge</componentType>
                <decimalPrecision>-1</decimalPrecision>
                <displayUnits>Auto</displayUnits>
                <gaugeMax>3.0</gaugeMax>
                <gaugeMin>0.0</gaugeMin>
                <indicatorBreakpoint1>1.0</indicatorBreakpoint1>
                <indicatorBreakpoint2>2.0</indicatorBreakpoint2>
                <indicatorHighColor>#00716B</indicatorHighColor>
                <indicatorLowColor>#C23934</indicatorLowColor>
                <indicatorMiddleColor>#FFB75D</indicatorMiddleColor>
                <report>CopyofUnfiledPublicReports/PreProcessing_Queue_NEW_sjT</report>
                <showPercentage>false</showPercentage>
                <showRange>false</showRange>
                <showTotal>true</showTotal>
                <showValues>false</showValues>
                <title>Pre-Processing Queue $</title>
            </dashboardComponent>
            <rowIndex>8</rowIndex>
            <rowSpan>4</rowSpan>
        </dashboardGridComponents>
        <dashboardGridComponents>
            <colSpan>3</colSpan>
            <columnIndex>0</columnIndex>
            <dashboardComponent>
                <autoselectColumnsFromReport>false</autoselectColumnsFromReport>
                <chartAxisRange>Auto</chartAxisRange>
                <chartSummary>
                    <aggregate>Sum</aggregate>
                    <axisBinding>y</axisBinding>
                    <column>Contact.PrimaryBorrowerLoans__r$Loan_Amount__c</column>
                </chartSummary>
                <componentType>Column</componentType>
                <decimalPrecision>-1</decimalPrecision>
                <displayUnits>Auto</displayUnits>
                <drillEnabled>false</drillEnabled>
                <drillToDetailEnabled>false</drillToDetailEnabled>
                <enableHover>true</enableHover>
                <expandOthers>false</expandOthers>
                <groupingColumn>Contact.PrimaryBorrowerLoans__r$Appraisal_Ordered_Date__c</groupingColumn>
                <legendPosition>Bottom</legendPosition>
                <report>Sales_Management/Appraisal_Invoice_OrderedPaid_gVq</report>
                <showPercentage>false</showPercentage>
                <showValues>true</showValues>
                <sortBy>RowLabelAscending</sortBy>
                <title>Appraisal Invoices Ordered MTD</title>
                <useReportChart>false</useReportChart>
            </dashboardComponent>
            <rowIndex>12</rowIndex>
            <rowSpan>4</rowSpan>
        </dashboardGridComponents>
        <dashboardGridComponents>
            <colSpan>3</colSpan>
            <columnIndex>3</columnIndex>
            <dashboardComponent>
                <autoselectColumnsFromReport>false</autoselectColumnsFromReport>
                <chartAxisRange>Auto</chartAxisRange>
                <chartSummary>
                    <axisBinding>y</axisBinding>
                    <column>RowCount</column>
                </chartSummary>
                <componentType>Donut</componentType>
                <decimalPrecision>-1</decimalPrecision>
                <displayUnits>Auto</displayUnits>
                <drillEnabled>false</drillEnabled>
                <drillToDetailEnabled>false</drillToDetailEnabled>
                <enableHover>true</enableHover>
                <expandOthers>false</expandOthers>
                <groupingColumn>Contact.PrimaryBorrowerLoans__r$Owner</groupingColumn>
                <legendPosition>Right</legendPosition>
                <report>Sales_Management/Appraisal_ordered_and_Not_in_Processing_fbu</report>
                <showPercentage>false</showPercentage>
                <showTotal>true</showTotal>
                <showValues>true</showValues>
                <sortBy>RowValueDescending</sortBy>
                <title>Appraisal Ordered not in Processing</title>
                <useReportChart>false</useReportChart>
            </dashboardComponent>
            <rowIndex>12</rowIndex>
            <rowSpan>4</rowSpan>
        </dashboardGridComponents>
        <dashboardGridComponents>
            <colSpan>3</colSpan>
            <columnIndex>6</columnIndex>
            <dashboardComponent>
                <autoselectColumnsFromReport>false</autoselectColumnsFromReport>
                <chartAxisRange>Auto</chartAxisRange>
                <chartSummary>
                    <axisBinding>y</axisBinding>
                    <column>RowCount</column>
                </chartSummary>
                <componentType>Bar</componentType>
                <decimalPrecision>-1</decimalPrecision>
                <displayUnits>Auto</displayUnits>
                <drillEnabled>false</drillEnabled>
                <drillToDetailEnabled>false</drillToDetailEnabled>
                <enableHover>true</enableHover>
                <expandOthers>false</expandOthers>
                <groupingColumn>Contact.PrimaryBorrowerLoans__r$Owner</groupingColumn>
                <legendPosition>Bottom</legendPosition>
                <report>Sales_Management/Copy_of_Appraisal_Invoice_OrderedPaid_Vkv</report>
                <showPercentage>false</showPercentage>
                <showValues>true</showValues>
                <sortBy>RowValueDescending</sortBy>
                <title>Appraisal Invoice Ordered/Paid MTD by AE</title>
                <useReportChart>false</useReportChart>
            </dashboardComponent>
            <rowIndex>12</rowIndex>
            <rowSpan>4</rowSpan>
        </dashboardGridComponents>
        <dashboardGridComponents>
            <colSpan>3</colSpan>
            <columnIndex>0</columnIndex>
            <dashboardComponent>
                <autoselectColumnsFromReport>false</autoselectColumnsFromReport>
                <chartAxisRange>Auto</chartAxisRange>
                <chartSummary>
                    <aggregate>Sum</aggregate>
                    <axisBinding>y</axisBinding>
                    <column>Contact.PrimaryBorrowerLoans__r$Loan_Amount__c</column>
                </chartSummary>
                <componentType>Column</componentType>
                <decimalPrecision>-1</decimalPrecision>
                <displayUnits>Auto</displayUnits>
                <drillEnabled>false</drillEnabled>
                <drillToDetailEnabled>false</drillToDetailEnabled>
                <enableHover>true</enableHover>
                <expandOthers>false</expandOthers>
                <groupingColumn>Contact.PrimaryBorrowerLoans__r$CreatedDate</groupingColumn>
                <legendPosition>Bottom</legendPosition>
                <report>Sales_Management/Opportunities_MTD_NEW_ZU5</report>
                <showPercentage>false</showPercentage>
                <showValues>true</showValues>
                <sortBy>RowLabelAscending</sortBy>
                <title>Opportunities MTD</title>
                <useReportChart>false</useReportChart>
            </dashboardComponent>
            <rowIndex>16</rowIndex>
            <rowSpan>4</rowSpan>
        </dashboardGridComponents>
        <dashboardGridComponents>
            <colSpan>3</colSpan>
            <columnIndex>3</columnIndex>
            <dashboardComponent>
                <autoselectColumnsFromReport>false</autoselectColumnsFromReport>
                <chartSummary>
                    <aggregate>Sum</aggregate>
                    <axisBinding>y</axisBinding>
                    <column>Contact.PrimaryBorrowerLoans__r$Loan_Amount__c</column>
                </chartSummary>
                <componentType>Gauge</componentType>
                <decimalPrecision>-1</decimalPrecision>
                <displayUnits>Auto</displayUnits>
                <gaugeMax>4.5E7</gaugeMax>
                <gaugeMin>2.0E7</gaugeMin>
                <indicatorBreakpoint1>2.5E7</indicatorBreakpoint1>
                <indicatorBreakpoint2>3.5E7</indicatorBreakpoint2>
                <indicatorHighColor>#00716B</indicatorHighColor>
                <indicatorLowColor>#C23934</indicatorLowColor>
                <indicatorMiddleColor>#FFB75D</indicatorMiddleColor>
                <report>Sales_Management/Opportunities_MTD_NEW_ZU5</report>
                <showPercentage>false</showPercentage>
                <showRange>false</showRange>
                <showTotal>true</showTotal>
                <showValues>false</showValues>
                <title>Opportunities MTD $</title>
            </dashboardComponent>
            <rowIndex>16</rowIndex>
            <rowSpan>4</rowSpan>
        </dashboardGridComponents>
        <dashboardGridComponents>
            <colSpan>3</colSpan>
            <columnIndex>6</columnIndex>
            <dashboardComponent>
                <autoselectColumnsFromReport>false</autoselectColumnsFromReport>
                <chartAxisRange>Auto</chartAxisRange>
                <chartSummary>
                    <axisBinding>y</axisBinding>
                    <column>RowCount</column>
                </chartSummary>
                <componentType>Donut</componentType>
                <decimalPrecision>-1</decimalPrecision>
                <displayUnits>Auto</displayUnits>
                <drillEnabled>false</drillEnabled>
                <drillToDetailEnabled>false</drillToDetailEnabled>
                <enableHover>true</enableHover>
                <expandOthers>false</expandOthers>
                <groupingColumn>Contact.PrimaryBorrowerLoans__r$Owner</groupingColumn>
                <header>Opportunities MTD by AE</header>
                <legendPosition>Right</legendPosition>
                <report>Sales_Management/Opportunities_MTD_AE_NEW_92J</report>
                <showPercentage>false</showPercentage>
                <showTotal>true</showTotal>
                <showValues>true</showValues>
                <sortBy>RowValueDescending</sortBy>
                <useReportChart>false</useReportChart>
            </dashboardComponent>
            <rowIndex>16</rowIndex>
            <rowSpan>4</rowSpan>
        </dashboardGridComponents>
        <dashboardGridComponents>
            <colSpan>3</colSpan>
            <columnIndex>0</columnIndex>
            <dashboardComponent>
                <autoselectColumnsFromReport>false</autoselectColumnsFromReport>
                <chartAxisRange>Auto</chartAxisRange>
                <chartSummary>
                    <axisBinding>y</axisBinding>
                    <column>RowCount</column>
                </chartSummary>
                <componentType>Line</componentType>
                <decimalPrecision>-1</decimalPrecision>
                <displayUnits>Auto</displayUnits>
                <drillEnabled>false</drillEnabled>
                <drillToDetailEnabled>false</drillToDetailEnabled>
                <enableHover>true</enableHover>
                <expandOthers>false</expandOthers>
                <groupingColumn>Contact.PrimaryBorrowerLoans__r$Date_Sent_to_Processing__c</groupingColumn>
                <legendPosition>Bottom</legendPosition>
                <report>Sales_Management/Loans_sent_to_Processing_YTD_glO</report>
                <showPercentage>false</showPercentage>
                <showValues>true</showValues>
                <sortBy>RowLabelAscending</sortBy>
                <title>Loans STP YTD</title>
                <useReportChart>false</useReportChart>
            </dashboardComponent>
            <rowIndex>20</rowIndex>
            <rowSpan>4</rowSpan>
        </dashboardGridComponents>
        <dashboardGridComponents>
            <colSpan>3</colSpan>
            <columnIndex>3</columnIndex>
            <dashboardComponent>
                <autoselectColumnsFromReport>false</autoselectColumnsFromReport>
                <chartAxisRange>Auto</chartAxisRange>
                <chartSummary>
                    <aggregate>Sum</aggregate>
                    <axisBinding>y</axisBinding>
                    <column>Contact.PrimaryBorrowerLoans__r$Loan_Amount__c</column>
                </chartSummary>
                <componentType>Column</componentType>
                <decimalPrecision>-1</decimalPrecision>
                <displayUnits>Millions</displayUnits>
                <drillEnabled>false</drillEnabled>
                <drillToDetailEnabled>false</drillToDetailEnabled>
                <enableHover>true</enableHover>
                <expandOthers>false</expandOthers>
                <groupingColumn>Contact.PrimaryBorrowerLoans__r$Date_Sent_to_Processing__c</groupingColumn>
                <legendPosition>Bottom</legendPosition>
                <report>Sales_Management/Loans_sent_to_Processing_YTD_glO</report>
                <showPercentage>false</showPercentage>
                <showValues>true</showValues>
                <sortBy>RowLabelAscending</sortBy>
                <title>Loans STP YTD $</title>
                <useReportChart>false</useReportChart>
            </dashboardComponent>
            <rowIndex>20</rowIndex>
            <rowSpan>4</rowSpan>
        </dashboardGridComponents>
        <dashboardGridComponents>
            <colSpan>3</colSpan>
            <columnIndex>6</columnIndex>
            <dashboardComponent>
                <autoselectColumnsFromReport>false</autoselectColumnsFromReport>
                <chartSummary>
                    <aggregate>Sum</aggregate>
                    <axisBinding>y</axisBinding>
                    <column>Contact.PrimaryBorrowerLoans__r$Loan_Amount__c</column>
                </chartSummary>
                <componentType>Gauge</componentType>
                <decimalPrecision>-1</decimalPrecision>
                <displayUnits>Auto</displayUnits>
                <gaugeMax>2.5E8</gaugeMax>
                <gaugeMin>0.0</gaugeMin>
                <indicatorBreakpoint1>7.4999999E7</indicatorBreakpoint1>
                <indicatorBreakpoint2>1.5E8</indicatorBreakpoint2>
                <indicatorHighColor>#00716B</indicatorHighColor>
                <indicatorLowColor>#C23934</indicatorLowColor>
                <indicatorMiddleColor>#FFB75D</indicatorMiddleColor>
                <report>Sales_Management/Loans_sent_to_Processing_YTD_glO</report>
                <showPercentage>false</showPercentage>
                <showRange>false</showRange>
                <showTotal>true</showTotal>
                <showValues>false</showValues>
                <title>Loans STP YTD $</title>
            </dashboardComponent>
            <rowIndex>20</rowIndex>
            <rowSpan>4</rowSpan>
        </dashboardGridComponents>
        <dashboardGridComponents>
            <colSpan>3</colSpan>
            <columnIndex>0</columnIndex>
            <dashboardComponent>
                <autoselectColumnsFromReport>false</autoselectColumnsFromReport>
                <chartAxisRange>Auto</chartAxisRange>
                <chartSummary>
                    <axisBinding>y</axisBinding>
                    <column>RowCount</column>
                </chartSummary>
                <componentType>Line</componentType>
                <decimalPrecision>-1</decimalPrecision>
                <displayUnits>Integer</displayUnits>
                <drillEnabled>false</drillEnabled>
                <drillToDetailEnabled>false</drillToDetailEnabled>
                <enableHover>true</enableHover>
                <expandOthers>false</expandOthers>
                <groupingColumn>Contact.PrimaryBorrowerLoans__r$Appraisal_Ordered_Date__c</groupingColumn>
                <legendPosition>Bottom</legendPosition>
                <report>Sales_Management/Copy_of_Appraisal_Invoice_OrderedPaid_Y_ALf</report>
                <showPercentage>false</showPercentage>
                <showValues>true</showValues>
                <sortBy>RowLabelAscending</sortBy>
                <title>Appraisal Invoice Ordered/Paid YTD</title>
                <useReportChart>false</useReportChart>
            </dashboardComponent>
            <rowIndex>24</rowIndex>
            <rowSpan>4</rowSpan>
        </dashboardGridComponents>
        <dashboardGridComponents>
            <colSpan>3</colSpan>
            <columnIndex>3</columnIndex>
            <dashboardComponent>
                <autoselectColumnsFromReport>false</autoselectColumnsFromReport>
                <chartAxisRange>Auto</chartAxisRange>
                <chartSummary>
                    <aggregate>Sum</aggregate>
                    <axisBinding>y</axisBinding>
                    <column>Contact.PrimaryBorrowerLoans__r$Loan_Amount__c</column>
                </chartSummary>
                <componentType>Column</componentType>
                <decimalPrecision>-1</decimalPrecision>
                <displayUnits>Auto</displayUnits>
                <drillEnabled>false</drillEnabled>
                <drillToDetailEnabled>false</drillToDetailEnabled>
                <enableHover>true</enableHover>
                <expandOthers>false</expandOthers>
                <groupingColumn>Contact.PrimaryBorrowerLoans__r$Appraisal_Ordered_Date__c</groupingColumn>
                <legendPosition>Bottom</legendPosition>
                <report>Sales_Management/Copy_of_Appraisal_Invoice_OrderedPaid_Y_ALf</report>
                <showPercentage>false</showPercentage>
                <showValues>true</showValues>
                <sortBy>RowLabelAscending</sortBy>
                <title>Appraisal Invoice Ordered/Paid YTD</title>
                <useReportChart>false</useReportChart>
            </dashboardComponent>
            <rowIndex>24</rowIndex>
            <rowSpan>4</rowSpan>
        </dashboardGridComponents>
        <numberOfColumns>9</numberOfColumns>
        <rowHeight>80</rowHeight>
    </dashboardGridLayout>
    <dashboardType>SpecifiedUser</dashboardType>
    <isGridLayout>true</isGridLayout>
    <runningUser>alejandro.gonzalez@visiolending.com</runningUser>
    <textColor>#000000</textColor>
    <title>Copy of Loan Origination Dashboard</title>
    <titleColor>#000000</titleColor>
    <titleSize>12</titleSize>
</Dashboard>
