<?xml version="1.0" encoding="UTF-8"?>
<Dashboard xmlns="http://soap.sforce.com/2006/04/metadata">
    <backgroundEndColor>#FFFFFF</backgroundEndColor>
    <backgroundFadeDirection>Diagonal</backgroundFadeDirection>
    <backgroundStartColor>#FFFFFF</backgroundStartColor>
    <chartTheme>light</chartTheme>
    <colorPalette>justice</colorPalette>
    <dashboardChartTheme>light</dashboardChartTheme>
    <dashboardColorPalette>justice</dashboardColorPalette>
    <dashboardGridLayout>
        <dashboardGridComponents>
            <colSpan>3</colSpan>
            <columnIndex>0</columnIndex>
            <dashboardComponent>
                <autoselectColumnsFromReport>false</autoselectColumnsFromReport>
                <chartAxisRange>Auto</chartAxisRange>
                <chartSummary>
                    <axisBinding>y</axisBinding>
                    <column>RowCount</column>
                </chartSummary>
                <componentType>Donut</componentType>
                <decimalPrecision>-1</decimalPrecision>
                <displayUnits>Auto</displayUnits>
                <drillEnabled>false</drillEnabled>
                <drillToDetailEnabled>false</drillToDetailEnabled>
                <enableHover>true</enableHover>
                <expandOthers>false</expandOthers>
                <groupingColumn>Contact.PrimaryBorrowerLoans__r$Processor__c</groupingColumn>
                <legendPosition>Right</legendPosition>
                <report>Sales_Management/Loans_sent_to_QC_Today_Ns7</report>
                <showPercentage>false</showPercentage>
                <showTotal>true</showTotal>
                <showValues>true</showValues>
                <sortBy>RowValueDescending</sortBy>
                <title>Loans sent to QC Today</title>
                <useReportChart>false</useReportChart>
            </dashboardComponent>
            <rowIndex>0</rowIndex>
            <rowSpan>5</rowSpan>
        </dashboardGridComponents>
        <dashboardGridComponents>
            <colSpan>3</colSpan>
            <columnIndex>3</columnIndex>
            <dashboardComponent>
                <autoselectColumnsFromReport>false</autoselectColumnsFromReport>
                <chartAxisRange>Auto</chartAxisRange>
                <chartSummary>
                    <axisBinding>y</axisBinding>
                    <column>RowCount</column>
                </chartSummary>
                <componentType>Donut</componentType>
                <decimalPrecision>-1</decimalPrecision>
                <displayUnits>Auto</displayUnits>
                <drillEnabled>false</drillEnabled>
                <drillToDetailEnabled>false</drillToDetailEnabled>
                <enableHover>false</enableHover>
                <expandOthers>false</expandOthers>
                <groupingColumn>Contact.PrimaryBorrowerLoans__r$Processor__c</groupingColumn>
                <header>Loans sent to QC Prior Day</header>
                <legendPosition>Right</legendPosition>
                <maxValuesDisplayed>6</maxValuesDisplayed>
                <report>Sales_Management/Loans_sent_to_QC_Prior_Day_8f3</report>
                <showPercentage>false</showPercentage>
                <showTotal>true</showTotal>
                <showValues>true</showValues>
                <sortBy>RowLabelAscending</sortBy>
                <useReportChart>false</useReportChart>
            </dashboardComponent>
            <rowIndex>0</rowIndex>
            <rowSpan>5</rowSpan>
        </dashboardGridComponents>
        <dashboardGridComponents>
            <colSpan>3</colSpan>
            <columnIndex>6</columnIndex>
            <dashboardComponent>
                <autoselectColumnsFromReport>false</autoselectColumnsFromReport>
                <chartAxisRange>Auto</chartAxisRange>
                <chartSummary>
                    <axisBinding>y</axisBinding>
                    <column>RowCount</column>
                </chartSummary>
                <componentType>Line</componentType>
                <decimalPrecision>-1</decimalPrecision>
                <displayUnits>Auto</displayUnits>
                <drillEnabled>false</drillEnabled>
                <drillToDetailEnabled>false</drillToDetailEnabled>
                <enableHover>true</enableHover>
                <expandOthers>false</expandOthers>
                <groupingColumn>Contact.PrimaryBorrowerLoans__r$Date_Sent_to_QC__c</groupingColumn>
                <header>Loans sent to QC YTD</header>
                <legendPosition>Bottom</legendPosition>
                <report>Sales_Management/Loans_sent_to_QC_YTD_lcV</report>
                <showPercentage>false</showPercentage>
                <showValues>true</showValues>
                <sortBy>RowLabelAscending</sortBy>
                <useReportChart>false</useReportChart>
            </dashboardComponent>
            <rowIndex>0</rowIndex>
            <rowSpan>5</rowSpan>
        </dashboardGridComponents>
        <dashboardGridComponents>
            <colSpan>3</colSpan>
            <columnIndex>0</columnIndex>
            <dashboardComponent>
                <autoselectColumnsFromReport>false</autoselectColumnsFromReport>
                <chartAxisRange>Auto</chartAxisRange>
                <chartSummary>
                    <aggregate>Sum</aggregate>
                    <axisBinding>y</axisBinding>
                    <column>Contact.PrimaryBorrowerLoans__r$Loan_Amount__c</column>
                </chartSummary>
                <componentType>Donut</componentType>
                <decimalPrecision>-1</decimalPrecision>
                <displayUnits>Auto</displayUnits>
                <drillEnabled>false</drillEnabled>
                <drillToDetailEnabled>false</drillToDetailEnabled>
                <enableHover>true</enableHover>
                <expandOthers>false</expandOthers>
                <groupingColumn>Contact.PrimaryBorrowerLoans__r$Processor__c</groupingColumn>
                <legendPosition>Right</legendPosition>
                <report>Sales_Management/Loans_sent_to_QC_Today_Ns7</report>
                <showPercentage>false</showPercentage>
                <showTotal>true</showTotal>
                <showValues>true</showValues>
                <sortBy>RowValueDescending</sortBy>
                <title>Loans sent to QC Today $</title>
                <useReportChart>false</useReportChart>
            </dashboardComponent>
            <rowIndex>5</rowIndex>
            <rowSpan>4</rowSpan>
        </dashboardGridComponents>
        <dashboardGridComponents>
            <colSpan>3</colSpan>
            <columnIndex>3</columnIndex>
            <dashboardComponent>
                <autoselectColumnsFromReport>false</autoselectColumnsFromReport>
                <chartAxisRange>Auto</chartAxisRange>
                <chartSummary>
                    <aggregate>Sum</aggregate>
                    <axisBinding>y</axisBinding>
                    <column>Contact.PrimaryBorrowerLoans__r$Loan_Amount__c</column>
                </chartSummary>
                <componentType>Donut</componentType>
                <decimalPrecision>-1</decimalPrecision>
                <displayUnits>Auto</displayUnits>
                <drillEnabled>false</drillEnabled>
                <drillToDetailEnabled>false</drillToDetailEnabled>
                <enableHover>false</enableHover>
                <expandOthers>false</expandOthers>
                <groupingColumn>Contact.PrimaryBorrowerLoans__r$Processor__c</groupingColumn>
                <header>Loans sent to QC Prior Day $</header>
                <legendPosition>Right</legendPosition>
                <report>Sales_Management/Loans_sent_to_QC_Prior_Day_8f3</report>
                <showPercentage>false</showPercentage>
                <showTotal>true</showTotal>
                <showValues>true</showValues>
                <sortBy>RowLabelAscending</sortBy>
                <useReportChart>false</useReportChart>
            </dashboardComponent>
            <rowIndex>5</rowIndex>
            <rowSpan>4</rowSpan>
        </dashboardGridComponents>
        <dashboardGridComponents>
            <colSpan>3</colSpan>
            <columnIndex>6</columnIndex>
            <dashboardComponent>
                <autoselectColumnsFromReport>false</autoselectColumnsFromReport>
                <chartAxisRange>Auto</chartAxisRange>
                <chartSummary>
                    <aggregate>Sum</aggregate>
                    <axisBinding>y</axisBinding>
                    <column>Contact.PrimaryBorrowerLoans__r$Loan_Amount__c</column>
                </chartSummary>
                <componentType>Column</componentType>
                <decimalPrecision>-1</decimalPrecision>
                <displayUnits>Millions</displayUnits>
                <drillEnabled>false</drillEnabled>
                <drillToDetailEnabled>false</drillToDetailEnabled>
                <enableHover>true</enableHover>
                <expandOthers>false</expandOthers>
                <groupingColumn>Contact.PrimaryBorrowerLoans__r$Date_Sent_to_QC__c</groupingColumn>
                <legendPosition>Bottom</legendPosition>
                <report>Sales_Management/Loans_sent_to_QC_YTD_lcV</report>
                <showPercentage>false</showPercentage>
                <showValues>true</showValues>
                <sortBy>RowLabelAscending</sortBy>
                <title>Loans sent to QC YTD $</title>
                <useReportChart>false</useReportChart>
            </dashboardComponent>
            <rowIndex>5</rowIndex>
            <rowSpan>4</rowSpan>
        </dashboardGridComponents>
        <dashboardGridComponents>
            <colSpan>4</colSpan>
            <columnIndex>0</columnIndex>
            <dashboardComponent>
                <autoselectColumnsFromReport>false</autoselectColumnsFromReport>
                <chartAxisRange>Auto</chartAxisRange>
                <chartSummary>
                    <axisBinding>y</axisBinding>
                    <column>RowCount</column>
                </chartSummary>
                <componentType>Bar</componentType>
                <decimalPrecision>-1</decimalPrecision>
                <displayUnits>Auto</displayUnits>
                <drillEnabled>false</drillEnabled>
                <drillToDetailEnabled>false</drillToDetailEnabled>
                <enableHover>false</enableHover>
                <expandOthers>false</expandOthers>
                <groupingColumn>Contact.PrimaryBorrowerLoans__r$Processor__c</groupingColumn>
                <header>Loans Sent to QC MTD by Processor</header>
                <legendPosition>Bottom</legendPosition>
                <report>unfiled$public/Loans_Sent_to_QC_MTD_New_MRs</report>
                <showPercentage>false</showPercentage>
                <showValues>true</showValues>
                <sortBy>RowLabelAscending</sortBy>
                <useReportChart>false</useReportChart>
            </dashboardComponent>
            <rowIndex>9</rowIndex>
            <rowSpan>5</rowSpan>
        </dashboardGridComponents>
        <dashboardGridComponents>
            <colSpan>4</colSpan>
            <columnIndex>5</columnIndex>
            <dashboardComponent>
                <autoselectColumnsFromReport>false</autoselectColumnsFromReport>
                <chartAxisRange>Auto</chartAxisRange>
                <chartSummary>
                    <axisBinding>y</axisBinding>
                    <column>RowCount</column>
                </chartSummary>
                <componentType>Bar</componentType>
                <decimalPrecision>-1</decimalPrecision>
                <displayUnits>Auto</displayUnits>
                <drillEnabled>false</drillEnabled>
                <drillToDetailEnabled>false</drillToDetailEnabled>
                <enableHover>false</enableHover>
                <expandOthers>false</expandOthers>
                <groupingColumn>Contact.PrimaryBorrowerLoans__r$Processor__c</groupingColumn>
                <header>Loans STC MTD by Processor</header>
                <legendPosition>Bottom</legendPosition>
                <report>unfiled$public/Loans_sent_to_STC_MTD_zUp</report>
                <showPercentage>false</showPercentage>
                <showValues>true</showValues>
                <sortBy>RowLabelAscending</sortBy>
                <useReportChart>false</useReportChart>
            </dashboardComponent>
            <rowIndex>9</rowIndex>
            <rowSpan>5</rowSpan>
        </dashboardGridComponents>
        <dashboardGridComponents>
            <colSpan>3</colSpan>
            <columnIndex>0</columnIndex>
            <dashboardComponent>
                <autoselectColumnsFromReport>false</autoselectColumnsFromReport>
                <chartAxisRange>Auto</chartAxisRange>
                <chartSummary>
                    <axisBinding>y</axisBinding>
                    <column>RowCount</column>
                </chartSummary>
                <componentType>Donut</componentType>
                <decimalPrecision>-1</decimalPrecision>
                <displayUnits>Auto</displayUnits>
                <drillEnabled>false</drillEnabled>
                <drillToDetailEnabled>false</drillToDetailEnabled>
                <enableHover>true</enableHover>
                <expandOthers>false</expandOthers>
                <groupingColumn>Contact.PrimaryBorrowerLoans__r$Processor__c</groupingColumn>
                <legendPosition>Right</legendPosition>
                <report>Sales_Management/Loans_sent_to_STC_Today_ab6</report>
                <showPercentage>false</showPercentage>
                <showTotal>true</showTotal>
                <showValues>true</showValues>
                <sortBy>RowValueDescending</sortBy>
                <title>Loans STC Today</title>
                <useReportChart>false</useReportChart>
            </dashboardComponent>
            <rowIndex>14</rowIndex>
            <rowSpan>5</rowSpan>
        </dashboardGridComponents>
        <dashboardGridComponents>
            <colSpan>3</colSpan>
            <columnIndex>3</columnIndex>
            <dashboardComponent>
                <autoselectColumnsFromReport>false</autoselectColumnsFromReport>
                <chartAxisRange>Auto</chartAxisRange>
                <chartSummary>
                    <axisBinding>y</axisBinding>
                    <column>RowCount</column>
                </chartSummary>
                <componentType>Donut</componentType>
                <decimalPrecision>-1</decimalPrecision>
                <displayUnits>Auto</displayUnits>
                <drillEnabled>false</drillEnabled>
                <drillToDetailEnabled>false</drillToDetailEnabled>
                <enableHover>false</enableHover>
                <expandOthers>false</expandOthers>
                <groupingColumn>Contact.PrimaryBorrowerLoans__r$Processor__c</groupingColumn>
                <header>Loans STC Prior Day</header>
                <legendPosition>Right</legendPosition>
                <maxValuesDisplayed>6</maxValuesDisplayed>
                <report>Sales_Management/Loans_sent_to_STC_Prior_Day_RlQ</report>
                <showPercentage>false</showPercentage>
                <showTotal>true</showTotal>
                <showValues>true</showValues>
                <sortBy>RowLabelAscending</sortBy>
                <useReportChart>false</useReportChart>
            </dashboardComponent>
            <rowIndex>14</rowIndex>
            <rowSpan>5</rowSpan>
        </dashboardGridComponents>
        <dashboardGridComponents>
            <colSpan>3</colSpan>
            <columnIndex>6</columnIndex>
            <dashboardComponent>
                <autoselectColumnsFromReport>false</autoselectColumnsFromReport>
                <chartAxisRange>Auto</chartAxisRange>
                <chartSummary>
                    <axisBinding>y</axisBinding>
                    <column>RowCount</column>
                </chartSummary>
                <componentType>Line</componentType>
                <decimalPrecision>-1</decimalPrecision>
                <displayUnits>Auto</displayUnits>
                <drillEnabled>false</drillEnabled>
                <drillToDetailEnabled>false</drillToDetailEnabled>
                <enableHover>true</enableHover>
                <expandOthers>false</expandOthers>
                <groupingColumn>Contact.PrimaryBorrowerLoans__r$Date_Sent_to_STC__c</groupingColumn>
                <header>Loans STC YTD</header>
                <legendPosition>Bottom</legendPosition>
                <report>Sales_Management/Loans_sent_to_STC_YTD_1u9</report>
                <showPercentage>false</showPercentage>
                <showValues>true</showValues>
                <sortBy>RowLabelAscending</sortBy>
                <useReportChart>false</useReportChart>
            </dashboardComponent>
            <rowIndex>14</rowIndex>
            <rowSpan>5</rowSpan>
        </dashboardGridComponents>
        <dashboardGridComponents>
            <colSpan>3</colSpan>
            <columnIndex>0</columnIndex>
            <dashboardComponent>
                <autoselectColumnsFromReport>false</autoselectColumnsFromReport>
                <chartAxisRange>Auto</chartAxisRange>
                <chartSummary>
                    <aggregate>Sum</aggregate>
                    <axisBinding>y</axisBinding>
                    <column>Contact.PrimaryBorrowerLoans__r$Loan_Amount__c</column>
                </chartSummary>
                <componentType>Donut</componentType>
                <decimalPrecision>-1</decimalPrecision>
                <displayUnits>Auto</displayUnits>
                <drillEnabled>false</drillEnabled>
                <drillToDetailEnabled>false</drillToDetailEnabled>
                <enableHover>true</enableHover>
                <expandOthers>false</expandOthers>
                <groupingColumn>Contact.PrimaryBorrowerLoans__r$Processor__c</groupingColumn>
                <legendPosition>Right</legendPosition>
                <report>Sales_Management/Loans_sent_to_STC_Today_ab6</report>
                <showPercentage>false</showPercentage>
                <showTotal>true</showTotal>
                <showValues>true</showValues>
                <sortBy>RowValueDescending</sortBy>
                <title>Loans STC Today $</title>
                <useReportChart>false</useReportChart>
            </dashboardComponent>
            <rowIndex>19</rowIndex>
            <rowSpan>4</rowSpan>
        </dashboardGridComponents>
        <dashboardGridComponents>
            <colSpan>3</colSpan>
            <columnIndex>3</columnIndex>
            <dashboardComponent>
                <autoselectColumnsFromReport>false</autoselectColumnsFromReport>
                <chartAxisRange>Auto</chartAxisRange>
                <chartSummary>
                    <aggregate>Sum</aggregate>
                    <axisBinding>y</axisBinding>
                    <column>Contact.PrimaryBorrowerLoans__r$Loan_Amount__c</column>
                </chartSummary>
                <componentType>Donut</componentType>
                <decimalPrecision>-1</decimalPrecision>
                <displayUnits>Auto</displayUnits>
                <drillEnabled>false</drillEnabled>
                <drillToDetailEnabled>false</drillToDetailEnabled>
                <enableHover>false</enableHover>
                <expandOthers>false</expandOthers>
                <groupingColumn>Contact.PrimaryBorrowerLoans__r$Processor__c</groupingColumn>
                <header>Loans STC Prior Day $</header>
                <legendPosition>Right</legendPosition>
                <maxValuesDisplayed>6</maxValuesDisplayed>
                <report>Sales_Management/Loans_sent_to_STC_Prior_Day_RlQ</report>
                <showPercentage>false</showPercentage>
                <showTotal>true</showTotal>
                <showValues>true</showValues>
                <sortBy>RowLabelAscending</sortBy>
                <useReportChart>false</useReportChart>
            </dashboardComponent>
            <rowIndex>19</rowIndex>
            <rowSpan>4</rowSpan>
        </dashboardGridComponents>
        <dashboardGridComponents>
            <colSpan>3</colSpan>
            <columnIndex>6</columnIndex>
            <dashboardComponent>
                <autoselectColumnsFromReport>false</autoselectColumnsFromReport>
                <chartAxisRange>Auto</chartAxisRange>
                <chartSummary>
                    <aggregate>Sum</aggregate>
                    <axisBinding>y</axisBinding>
                    <column>Contact.PrimaryBorrowerLoans__r$Loan_Amount__c</column>
                </chartSummary>
                <componentType>Column</componentType>
                <decimalPrecision>-1</decimalPrecision>
                <displayUnits>Millions</displayUnits>
                <drillEnabled>false</drillEnabled>
                <drillToDetailEnabled>false</drillToDetailEnabled>
                <enableHover>true</enableHover>
                <expandOthers>false</expandOthers>
                <groupingColumn>Contact.PrimaryBorrowerLoans__r$Date_Sent_to_STC__c</groupingColumn>
                <legendPosition>Bottom</legendPosition>
                <report>Sales_Management/Loans_sent_to_STC_YTD_1u9</report>
                <showPercentage>false</showPercentage>
                <showValues>true</showValues>
                <sortBy>RowLabelAscending</sortBy>
                <title>Loans STC YTD $</title>
                <useReportChart>false</useReportChart>
            </dashboardComponent>
            <rowIndex>19</rowIndex>
            <rowSpan>4</rowSpan>
        </dashboardGridComponents>
        <dashboardGridComponents>
            <colSpan>2</colSpan>
            <columnIndex>0</columnIndex>
            <dashboardComponent>
                <autoselectColumnsFromReport>false</autoselectColumnsFromReport>
                <chartAxisRange>Auto</chartAxisRange>
                <chartSummary>
                    <axisBinding>y</axisBinding>
                    <column>RowCount</column>
                </chartSummary>
                <componentType>Donut</componentType>
                <decimalPrecision>-1</decimalPrecision>
                <displayUnits>Auto</displayUnits>
                <drillEnabled>false</drillEnabled>
                <drillToDetailEnabled>false</drillToDetailEnabled>
                <enableHover>true</enableHover>
                <expandOthers>false</expandOthers>
                <groupingColumn>Contact.PrimaryBorrowerLoans__r$Processor__c</groupingColumn>
                <legendPosition>Right</legendPosition>
                <report>Sales_Management/Loans_sent_to_UW_Today_dlk</report>
                <showPercentage>false</showPercentage>
                <showTotal>true</showTotal>
                <showValues>true</showValues>
                <sortBy>RowValueDescending</sortBy>
                <title>Loans sent to UW Today</title>
                <useReportChart>false</useReportChart>
            </dashboardComponent>
            <rowIndex>23</rowIndex>
            <rowSpan>4</rowSpan>
        </dashboardGridComponents>
        <dashboardGridComponents>
            <colSpan>3</colSpan>
            <columnIndex>2</columnIndex>
            <dashboardComponent>
                <autoselectColumnsFromReport>false</autoselectColumnsFromReport>
                <chartAxisRange>Auto</chartAxisRange>
                <chartSummary>
                    <axisBinding>y</axisBinding>
                    <column>RowCount</column>
                </chartSummary>
                <componentType>Line</componentType>
                <decimalPrecision>-1</decimalPrecision>
                <displayUnits>Auto</displayUnits>
                <drillEnabled>false</drillEnabled>
                <drillToDetailEnabled>false</drillToDetailEnabled>
                <enableHover>true</enableHover>
                <expandOthers>false</expandOthers>
                <groupingColumn>Contact.PrimaryBorrowerLoans__r$Submitted_Queue__c</groupingColumn>
                <legendPosition>Bottom</legendPosition>
                <report>Sales_Management/Loans_sent_to_UW_YTD_azv</report>
                <showPercentage>false</showPercentage>
                <showValues>true</showValues>
                <sortBy>RowLabelDescending</sortBy>
                <title>Loans sent to UW YTD</title>
                <useReportChart>false</useReportChart>
            </dashboardComponent>
            <rowIndex>23</rowIndex>
            <rowSpan>4</rowSpan>
        </dashboardGridComponents>
        <dashboardGridComponents>
            <colSpan>4</colSpan>
            <columnIndex>5</columnIndex>
            <dashboardComponent>
                <autoselectColumnsFromReport>false</autoselectColumnsFromReport>
                <chartAxisRange>Auto</chartAxisRange>
                <chartSummary>
                    <axisBinding>y</axisBinding>
                    <column>RowCount</column>
                </chartSummary>
                <componentType>Donut</componentType>
                <decimalPrecision>-1</decimalPrecision>
                <displayUnits>Auto</displayUnits>
                <drillEnabled>false</drillEnabled>
                <drillToDetailEnabled>false</drillToDetailEnabled>
                <enableHover>false</enableHover>
                <expandOthers>false</expandOthers>
                <groupingColumn>Opportunity.Processor__c</groupingColumn>
                <header>Loans STP Today - Processor</header>
                <legendPosition>Right</legendPosition>
                <maxValuesDisplayed>15</maxValuesDisplayed>
                <report>Processing/Loans_STP_Today_Ysq1</report>
                <showPercentage>false</showPercentage>
                <showTotal>true</showTotal>
                <showValues>true</showValues>
                <sortBy>RowLabelAscending</sortBy>
                <useReportChart>false</useReportChart>
            </dashboardComponent>
            <rowIndex>23</rowIndex>
            <rowSpan>4</rowSpan>
        </dashboardGridComponents>
        <dashboardGridComponents>
            <colSpan>2</colSpan>
            <columnIndex>0</columnIndex>
            <dashboardComponent>
                <autoselectColumnsFromReport>false</autoselectColumnsFromReport>
                <chartAxisRange>Auto</chartAxisRange>
                <chartSummary>
                    <aggregate>Sum</aggregate>
                    <axisBinding>y</axisBinding>
                    <column>Contact.PrimaryBorrowerLoans__r$Loan_Amount__c</column>
                </chartSummary>
                <componentType>Donut</componentType>
                <decimalPrecision>-1</decimalPrecision>
                <displayUnits>Auto</displayUnits>
                <drillEnabled>false</drillEnabled>
                <drillToDetailEnabled>false</drillToDetailEnabled>
                <enableHover>true</enableHover>
                <expandOthers>false</expandOthers>
                <groupingColumn>Contact.PrimaryBorrowerLoans__r$Processor__c</groupingColumn>
                <legendPosition>Right</legendPosition>
                <report>Sales_Management/Loans_sent_to_UW_Today_dlk</report>
                <showPercentage>false</showPercentage>
                <showTotal>true</showTotal>
                <showValues>true</showValues>
                <sortBy>RowValueDescending</sortBy>
                <title>Loans sent to UW Today $</title>
                <useReportChart>false</useReportChart>
            </dashboardComponent>
            <rowIndex>27</rowIndex>
            <rowSpan>4</rowSpan>
        </dashboardGridComponents>
        <dashboardGridComponents>
            <colSpan>3</colSpan>
            <columnIndex>2</columnIndex>
            <dashboardComponent>
                <autoselectColumnsFromReport>false</autoselectColumnsFromReport>
                <chartAxisRange>Auto</chartAxisRange>
                <chartSummary>
                    <aggregate>Sum</aggregate>
                    <axisBinding>y</axisBinding>
                    <column>Contact.PrimaryBorrowerLoans__r$Loan_Amount__c</column>
                </chartSummary>
                <componentType>Column</componentType>
                <decimalPrecision>-1</decimalPrecision>
                <displayUnits>Auto</displayUnits>
                <drillEnabled>false</drillEnabled>
                <drillToDetailEnabled>false</drillToDetailEnabled>
                <enableHover>true</enableHover>
                <expandOthers>false</expandOthers>
                <groupingColumn>Contact.PrimaryBorrowerLoans__r$Submitted_Queue__c</groupingColumn>
                <legendPosition>Bottom</legendPosition>
                <report>Sales_Management/Loans_sent_to_UW_YTD_azv</report>
                <showPercentage>false</showPercentage>
                <showValues>true</showValues>
                <sortBy>RowLabelDescending</sortBy>
                <title>Loans sent to UW YTD $</title>
                <useReportChart>false</useReportChart>
            </dashboardComponent>
            <rowIndex>27</rowIndex>
            <rowSpan>4</rowSpan>
        </dashboardGridComponents>
        <dashboardGridComponents>
            <colSpan>4</colSpan>
            <columnIndex>5</columnIndex>
            <dashboardComponent>
                <autoselectColumnsFromReport>false</autoselectColumnsFromReport>
                <chartAxisRange>Auto</chartAxisRange>
                <chartSummary>
                    <axisBinding>y</axisBinding>
                    <column>RowCount</column>
                </chartSummary>
                <componentType>Donut</componentType>
                <decimalPrecision>-1</decimalPrecision>
                <displayUnits>Auto</displayUnits>
                <drillEnabled>false</drillEnabled>
                <drillToDetailEnabled>false</drillToDetailEnabled>
                <enableHover>false</enableHover>
                <expandOthers>false</expandOthers>
                <groupingColumn>Contact.PrimaryBorrowerLoans__r$Processor__c</groupingColumn>
                <header>Loans STP Prior Day - Processor</header>
                <legendPosition>Right</legendPosition>
                <report>Processing/Copy_of_Loans_STP_Today_NEW_anT</report>
                <showPercentage>false</showPercentage>
                <showTotal>true</showTotal>
                <showValues>true</showValues>
                <sortBy>RowValueDescending</sortBy>
                <useReportChart>false</useReportChart>
            </dashboardComponent>
            <rowIndex>27</rowIndex>
            <rowSpan>4</rowSpan>
        </dashboardGridComponents>
        <numberOfColumns>9</numberOfColumns>
        <rowHeight>80</rowHeight>
    </dashboardGridLayout>
    <dashboardType>SpecifiedUser</dashboardType>
    <isGridLayout>true</isGridLayout>
    <runningUser>sfadmin@visiolending.com</runningUser>
    <textColor>#000000</textColor>
    <title>Copy of Pipeline Dashboard by Stage</title>
    <titleColor>#000000</titleColor>
    <titleSize>12</titleSize>
</Dashboard>
