<?xml version="1.0" encoding="UTF-8"?>
<Dashboard xmlns="http://soap.sforce.com/2006/04/metadata">
    <backgroundEndColor>#FFFFFF</backgroundEndColor>
    <backgroundFadeDirection>Diagonal</backgroundFadeDirection>
    <backgroundStartColor>#FFFFFF</backgroundStartColor>
    <dashboardGridLayout>
        <dashboardGridComponents>
            <colSpan>3</colSpan>
            <columnIndex>0</columnIndex>
            <dashboardComponent>
                <autoselectColumnsFromReport>false</autoselectColumnsFromReport>
                <chartAxisRange>Auto</chartAxisRange>
                <chartSummary>
                    <axisBinding>y</axisBinding>
                    <column>RowCount</column>
                </chartSummary>
                <componentType>Donut</componentType>
                <displayUnits>Auto</displayUnits>
                <drillEnabled>false</drillEnabled>
                <drillToDetailEnabled>false</drillToDetailEnabled>
                <enableHover>true</enableHover>
                <expandOthers>false</expandOthers>
                <groupingColumn>Opportunity.Processor__c</groupingColumn>
                <legendPosition>Bottom</legendPosition>
                <report>unfiled$public/Loans_Sent_to_QC_Today</report>
                <showPercentage>false</showPercentage>
                <showTotal>true</showTotal>
                <showValues>true</showValues>
                <sortBy>RowLabelAscending</sortBy>
                <title>Loans Sent to QC today</title>
                <useReportChart>false</useReportChart>
            </dashboardComponent>
            <rowIndex>0</rowIndex>
            <rowSpan>4</rowSpan>
        </dashboardGridComponents>
        <dashboardGridComponents>
            <colSpan>3</colSpan>
            <columnIndex>3</columnIndex>
            <dashboardComponent>
                <autoselectColumnsFromReport>true</autoselectColumnsFromReport>
                <chartAxisRange>Auto</chartAxisRange>
                <componentType>Donut</componentType>
                <displayUnits>Auto</displayUnits>
                <drillEnabled>false</drillEnabled>
                <drillToDetailEnabled>false</drillToDetailEnabled>
                <enableHover>true</enableHover>
                <expandOthers>true</expandOthers>
                <legendPosition>Bottom</legendPosition>
                <report>unfiled$public/Loans_Sent_to_QC_MTD</report>
                <showPercentage>false</showPercentage>
                <showTotal>true</showTotal>
                <showValues>true</showValues>
                <sortBy>RowLabelAscending</sortBy>
                <title>Loans Sent to QC MTD</title>
                <useReportChart>false</useReportChart>
            </dashboardComponent>
            <rowIndex>0</rowIndex>
            <rowSpan>4</rowSpan>
        </dashboardGridComponents>
        <dashboardGridComponents>
            <colSpan>3</colSpan>
            <columnIndex>6</columnIndex>
            <dashboardComponent>
                <autoselectColumnsFromReport>true</autoselectColumnsFromReport>
                <chartAxisRange>Auto</chartAxisRange>
                <componentType>Line</componentType>
                <displayUnits>Auto</displayUnits>
                <drillEnabled>false</drillEnabled>
                <drillToDetailEnabled>false</drillToDetailEnabled>
                <enableHover>true</enableHover>
                <expandOthers>false</expandOthers>
                <legendPosition>Bottom</legendPosition>
                <report>unfiled$public/Loans_Sent_to_QC_YTD</report>
                <showPercentage>false</showPercentage>
                <showValues>true</showValues>
                <sortBy>RowLabelAscending</sortBy>
                <title>Loans Sent to QC YTD</title>
                <useReportChart>false</useReportChart>
            </dashboardComponent>
            <rowIndex>0</rowIndex>
            <rowSpan>4</rowSpan>
        </dashboardGridComponents>
        <dashboardGridComponents>
            <colSpan>3</colSpan>
            <columnIndex>0</columnIndex>
            <dashboardComponent>
                <autoselectColumnsFromReport>false</autoselectColumnsFromReport>
                <chartAxisRange>Auto</chartAxisRange>
                <chartSummary>
                    <aggregate>Sum</aggregate>
                    <axisBinding>y</axisBinding>
                    <column>Opportunity.Loan_Amount__c</column>
                </chartSummary>
                <componentType>Donut</componentType>
                <displayUnits>Auto</displayUnits>
                <drillEnabled>false</drillEnabled>
                <drillToDetailEnabled>false</drillToDetailEnabled>
                <enableHover>true</enableHover>
                <expandOthers>true</expandOthers>
                <groupingColumn>Opportunity.Processor__c</groupingColumn>
                <legendPosition>Bottom</legendPosition>
                <report>unfiled$public/Loans_Sent_to_QC_Today</report>
                <showPercentage>false</showPercentage>
                <showTotal>true</showTotal>
                <showValues>true</showValues>
                <sortBy>RowLabelAscending</sortBy>
                <title>Loans Sent to QC today $</title>
                <useReportChart>false</useReportChart>
            </dashboardComponent>
            <rowIndex>4</rowIndex>
            <rowSpan>4</rowSpan>
        </dashboardGridComponents>
        <dashboardGridComponents>
            <colSpan>3</colSpan>
            <columnIndex>3</columnIndex>
            <dashboardComponent>
                <autoselectColumnsFromReport>false</autoselectColumnsFromReport>
                <chartAxisRange>Auto</chartAxisRange>
                <chartSummary>
                    <aggregate>Sum</aggregate>
                    <axisBinding>y</axisBinding>
                    <column>Opportunity.Loan_Amount__c</column>
                </chartSummary>
                <componentType>Donut</componentType>
                <displayUnits>Auto</displayUnits>
                <drillEnabled>false</drillEnabled>
                <drillToDetailEnabled>false</drillToDetailEnabled>
                <enableHover>true</enableHover>
                <expandOthers>true</expandOthers>
                <groupingColumn>Opportunity.Processor__c</groupingColumn>
                <legendPosition>Bottom</legendPosition>
                <report>unfiled$public/Loans_Sent_to_QC_MTD</report>
                <showPercentage>false</showPercentage>
                <showTotal>true</showTotal>
                <showValues>true</showValues>
                <sortBy>RowLabelAscending</sortBy>
                <title>Loans sent to QC MTD $</title>
                <useReportChart>false</useReportChart>
            </dashboardComponent>
            <rowIndex>4</rowIndex>
            <rowSpan>4</rowSpan>
        </dashboardGridComponents>
        <dashboardGridComponents>
            <colSpan>3</colSpan>
            <columnIndex>6</columnIndex>
            <dashboardComponent>
                <autoselectColumnsFromReport>false</autoselectColumnsFromReport>
                <chartAxisRange>Auto</chartAxisRange>
                <chartSummary>
                    <aggregate>Sum</aggregate>
                    <axisBinding>y</axisBinding>
                    <column>Opportunity.Loan_Amount__c</column>
                </chartSummary>
                <componentType>Column</componentType>
                <decimalPrecision>-1</decimalPrecision>
                <displayUnits>Millions</displayUnits>
                <drillEnabled>false</drillEnabled>
                <drillToDetailEnabled>false</drillToDetailEnabled>
                <enableHover>true</enableHover>
                <expandOthers>false</expandOthers>
                <groupingColumn>Opportunity.Date_Sent_to_QC__c</groupingColumn>
                <legendPosition>Bottom</legendPosition>
                <report>unfiled$public/Loans_Sent_to_QC_YTD</report>
                <showPercentage>false</showPercentage>
                <showValues>true</showValues>
                <sortBy>RowLabelAscending</sortBy>
                <title>Loans Sent to QC YTD $</title>
                <useReportChart>false</useReportChart>
            </dashboardComponent>
            <rowIndex>4</rowIndex>
            <rowSpan>4</rowSpan>
        </dashboardGridComponents>
        <dashboardGridComponents>
            <colSpan>3</colSpan>
            <columnIndex>0</columnIndex>
            <dashboardComponent>
                <autoselectColumnsFromReport>true</autoselectColumnsFromReport>
                <chartAxisRange>Auto</chartAxisRange>
                <componentType>Donut</componentType>
                <displayUnits>Auto</displayUnits>
                <drillEnabled>false</drillEnabled>
                <drillToDetailEnabled>false</drillToDetailEnabled>
                <enableHover>true</enableHover>
                <expandOthers>false</expandOthers>
                <legendPosition>Bottom</legendPosition>
                <report>unfiled$public/Loans_sent_to_UW_Today</report>
                <showPercentage>false</showPercentage>
                <showTotal>true</showTotal>
                <showValues>true</showValues>
                <sortBy>RowLabelAscending</sortBy>
                <title>Loans Sent to U/W Today</title>
                <useReportChart>false</useReportChart>
            </dashboardComponent>
            <rowIndex>8</rowIndex>
            <rowSpan>4</rowSpan>
        </dashboardGridComponents>
        <dashboardGridComponents>
            <colSpan>3</colSpan>
            <columnIndex>3</columnIndex>
            <dashboardComponent>
                <autoselectColumnsFromReport>true</autoselectColumnsFromReport>
                <chartAxisRange>Auto</chartAxisRange>
                <componentType>Donut</componentType>
                <displayUnits>Auto</displayUnits>
                <drillEnabled>false</drillEnabled>
                <drillToDetailEnabled>false</drillToDetailEnabled>
                <enableHover>true</enableHover>
                <expandOthers>false</expandOthers>
                <legendPosition>Bottom</legendPosition>
                <report>unfiled$public/Loans_Sent_to_UW_MTD</report>
                <showPercentage>false</showPercentage>
                <showTotal>true</showTotal>
                <showValues>true</showValues>
                <sortBy>RowLabelAscending</sortBy>
                <title>Loans Sent to U/W MTD</title>
                <useReportChart>false</useReportChart>
            </dashboardComponent>
            <rowIndex>8</rowIndex>
            <rowSpan>4</rowSpan>
        </dashboardGridComponents>
        <dashboardGridComponents>
            <colSpan>3</colSpan>
            <columnIndex>6</columnIndex>
            <dashboardComponent>
                <autoselectColumnsFromReport>true</autoselectColumnsFromReport>
                <chartAxisRange>Auto</chartAxisRange>
                <componentType>Line</componentType>
                <displayUnits>Auto</displayUnits>
                <drillEnabled>false</drillEnabled>
                <drillToDetailEnabled>false</drillToDetailEnabled>
                <enableHover>true</enableHover>
                <expandOthers>false</expandOthers>
                <legendPosition>Bottom</legendPosition>
                <report>unfiled$public/Loans_Sent_to_UW_YTD</report>
                <showPercentage>false</showPercentage>
                <showValues>true</showValues>
                <sortBy>RowLabelAscending</sortBy>
                <title>Loans sent to U/W YTD</title>
                <useReportChart>false</useReportChart>
            </dashboardComponent>
            <rowIndex>8</rowIndex>
            <rowSpan>4</rowSpan>
        </dashboardGridComponents>
        <dashboardGridComponents>
            <colSpan>3</colSpan>
            <columnIndex>0</columnIndex>
            <dashboardComponent>
                <autoselectColumnsFromReport>false</autoselectColumnsFromReport>
                <chartAxisRange>Auto</chartAxisRange>
                <chartSummary>
                    <aggregate>Sum</aggregate>
                    <axisBinding>y</axisBinding>
                    <column>Opportunity.Loan_Amount__c</column>
                </chartSummary>
                <componentType>Donut</componentType>
                <displayUnits>Auto</displayUnits>
                <drillEnabled>false</drillEnabled>
                <drillToDetailEnabled>false</drillToDetailEnabled>
                <enableHover>true</enableHover>
                <expandOthers>true</expandOthers>
                <groupingColumn>Opportunity.Processor__c</groupingColumn>
                <legendPosition>Bottom</legendPosition>
                <report>unfiled$public/Loans_sent_to_UW_Today</report>
                <showPercentage>false</showPercentage>
                <showTotal>true</showTotal>
                <showValues>true</showValues>
                <sortBy>RowLabelAscending</sortBy>
                <title>Loans sent to U/W today $</title>
                <useReportChart>false</useReportChart>
            </dashboardComponent>
            <rowIndex>12</rowIndex>
            <rowSpan>4</rowSpan>
        </dashboardGridComponents>
        <dashboardGridComponents>
            <colSpan>3</colSpan>
            <columnIndex>3</columnIndex>
            <dashboardComponent>
                <autoselectColumnsFromReport>false</autoselectColumnsFromReport>
                <chartAxisRange>Auto</chartAxisRange>
                <chartSummary>
                    <aggregate>Sum</aggregate>
                    <axisBinding>y</axisBinding>
                    <column>Opportunity.Loan_Amount__c</column>
                </chartSummary>
                <componentType>Donut</componentType>
                <displayUnits>Auto</displayUnits>
                <drillEnabled>false</drillEnabled>
                <drillToDetailEnabled>false</drillToDetailEnabled>
                <enableHover>true</enableHover>
                <expandOthers>true</expandOthers>
                <groupingColumn>Opportunity.Processor__c</groupingColumn>
                <legendPosition>Bottom</legendPosition>
                <report>unfiled$public/Loans_Sent_to_UW_MTD</report>
                <showPercentage>false</showPercentage>
                <showTotal>true</showTotal>
                <showValues>true</showValues>
                <sortBy>RowLabelAscending</sortBy>
                <title>Loans sent to U/W MTD $</title>
                <useReportChart>false</useReportChart>
            </dashboardComponent>
            <rowIndex>12</rowIndex>
            <rowSpan>4</rowSpan>
        </dashboardGridComponents>
        <dashboardGridComponents>
            <colSpan>3</colSpan>
            <columnIndex>6</columnIndex>
            <dashboardComponent>
                <autoselectColumnsFromReport>false</autoselectColumnsFromReport>
                <chartAxisRange>Auto</chartAxisRange>
                <chartSummary>
                    <aggregate>Sum</aggregate>
                    <axisBinding>y</axisBinding>
                    <column>Opportunity.Loan_Amount__c</column>
                </chartSummary>
                <componentType>Column</componentType>
                <decimalPrecision>-1</decimalPrecision>
                <displayUnits>Millions</displayUnits>
                <drillEnabled>false</drillEnabled>
                <drillToDetailEnabled>false</drillToDetailEnabled>
                <enableHover>true</enableHover>
                <expandOthers>false</expandOthers>
                <groupingColumn>Opportunity.Submitted_Queue__c</groupingColumn>
                <legendPosition>Bottom</legendPosition>
                <report>unfiled$public/Loans_Sent_to_UW_YTD</report>
                <showPercentage>false</showPercentage>
                <showValues>true</showValues>
                <sortBy>RowLabelAscending</sortBy>
                <title>Loans Sent to U/W YTD $</title>
                <useReportChart>false</useReportChart>
            </dashboardComponent>
            <rowIndex>12</rowIndex>
            <rowSpan>4</rowSpan>
        </dashboardGridComponents>
        <dashboardGridComponents>
            <colSpan>3</colSpan>
            <columnIndex>0</columnIndex>
            <dashboardComponent>
                <autoselectColumnsFromReport>true</autoselectColumnsFromReport>
                <chartAxisRange>Auto</chartAxisRange>
                <componentType>Donut</componentType>
                <displayUnits>Auto</displayUnits>
                <drillEnabled>false</drillEnabled>
                <drillToDetailEnabled>false</drillToDetailEnabled>
                <enableHover>true</enableHover>
                <expandOthers>false</expandOthers>
                <legendPosition>Bottom</legendPosition>
                <report>unfiled$public/Loans_Sent_to_STC_Today</report>
                <showPercentage>false</showPercentage>
                <showTotal>true</showTotal>
                <showValues>true</showValues>
                <sortBy>RowLabelAscending</sortBy>
                <title>Loans STC Today</title>
                <useReportChart>false</useReportChart>
            </dashboardComponent>
            <rowIndex>16</rowIndex>
            <rowSpan>4</rowSpan>
        </dashboardGridComponents>
        <dashboardGridComponents>
            <colSpan>3</colSpan>
            <columnIndex>3</columnIndex>
            <dashboardComponent>
                <autoselectColumnsFromReport>true</autoselectColumnsFromReport>
                <chartAxisRange>Auto</chartAxisRange>
                <componentType>Donut</componentType>
                <displayUnits>Auto</displayUnits>
                <drillEnabled>false</drillEnabled>
                <drillToDetailEnabled>false</drillToDetailEnabled>
                <enableHover>true</enableHover>
                <expandOthers>true</expandOthers>
                <legendPosition>Bottom</legendPosition>
                <report>unfiled$public/Loans_Sent_to_STC_MTD</report>
                <showPercentage>false</showPercentage>
                <showTotal>true</showTotal>
                <showValues>true</showValues>
                <sortBy>RowLabelAscending</sortBy>
                <title>Loans STC MTD</title>
                <useReportChart>false</useReportChart>
            </dashboardComponent>
            <rowIndex>16</rowIndex>
            <rowSpan>4</rowSpan>
        </dashboardGridComponents>
        <dashboardGridComponents>
            <colSpan>3</colSpan>
            <columnIndex>6</columnIndex>
            <dashboardComponent>
                <autoselectColumnsFromReport>false</autoselectColumnsFromReport>
                <chartAxisRange>Auto</chartAxisRange>
                <chartSummary>
                    <axisBinding>y</axisBinding>
                    <column>RowCount</column>
                </chartSummary>
                <componentType>Line</componentType>
                <displayUnits>Auto</displayUnits>
                <drillEnabled>false</drillEnabled>
                <drillToDetailEnabled>false</drillToDetailEnabled>
                <enableHover>true</enableHover>
                <expandOthers>false</expandOthers>
                <groupingColumn>Opportunity.Date_Sent_to_STC__c</groupingColumn>
                <legendPosition>Bottom</legendPosition>
                <report>unfiled$public/Loans_Sent_to_STC_YTD</report>
                <showPercentage>false</showPercentage>
                <showValues>true</showValues>
                <sortBy>RowLabelAscending</sortBy>
                <title>Loans STC YTD</title>
                <useReportChart>false</useReportChart>
            </dashboardComponent>
            <rowIndex>16</rowIndex>
            <rowSpan>4</rowSpan>
        </dashboardGridComponents>
        <dashboardGridComponents>
            <colSpan>3</colSpan>
            <columnIndex>0</columnIndex>
            <dashboardComponent>
                <autoselectColumnsFromReport>false</autoselectColumnsFromReport>
                <chartAxisRange>Auto</chartAxisRange>
                <chartSummary>
                    <aggregate>Sum</aggregate>
                    <axisBinding>y</axisBinding>
                    <column>Opportunity.Loan_Amount__c</column>
                </chartSummary>
                <componentType>Donut</componentType>
                <displayUnits>Auto</displayUnits>
                <drillEnabled>false</drillEnabled>
                <drillToDetailEnabled>false</drillToDetailEnabled>
                <enableHover>true</enableHover>
                <expandOthers>true</expandOthers>
                <groupingColumn>Opportunity.Processor__c</groupingColumn>
                <legendPosition>Bottom</legendPosition>
                <report>unfiled$public/Loans_Sent_to_STC_Today</report>
                <showPercentage>false</showPercentage>
                <showTotal>true</showTotal>
                <showValues>true</showValues>
                <sortBy>RowLabelAscending</sortBy>
                <title>Loans STC Today $</title>
                <useReportChart>false</useReportChart>
            </dashboardComponent>
            <rowIndex>20</rowIndex>
            <rowSpan>4</rowSpan>
        </dashboardGridComponents>
        <dashboardGridComponents>
            <colSpan>3</colSpan>
            <columnIndex>3</columnIndex>
            <dashboardComponent>
                <autoselectColumnsFromReport>false</autoselectColumnsFromReport>
                <chartAxisRange>Auto</chartAxisRange>
                <chartSummary>
                    <aggregate>Sum</aggregate>
                    <axisBinding>y</axisBinding>
                    <column>Opportunity.Loan_Amount__c</column>
                </chartSummary>
                <componentType>Donut</componentType>
                <displayUnits>Auto</displayUnits>
                <drillEnabled>false</drillEnabled>
                <drillToDetailEnabled>false</drillToDetailEnabled>
                <enableHover>true</enableHover>
                <expandOthers>true</expandOthers>
                <groupingColumn>Opportunity.Processor__c</groupingColumn>
                <legendPosition>Bottom</legendPosition>
                <report>unfiled$public/Loans_Sent_to_STC_MTD</report>
                <showPercentage>false</showPercentage>
                <showTotal>true</showTotal>
                <showValues>true</showValues>
                <sortBy>RowLabelAscending</sortBy>
                <title>Loans STC MTD $</title>
                <useReportChart>false</useReportChart>
            </dashboardComponent>
            <rowIndex>20</rowIndex>
            <rowSpan>4</rowSpan>
        </dashboardGridComponents>
        <dashboardGridComponents>
            <colSpan>3</colSpan>
            <columnIndex>6</columnIndex>
            <dashboardComponent>
                <autoselectColumnsFromReport>false</autoselectColumnsFromReport>
                <chartAxisRange>Auto</chartAxisRange>
                <chartSummary>
                    <aggregate>Sum</aggregate>
                    <axisBinding>y</axisBinding>
                    <column>Opportunity.Loan_Amount__c</column>
                </chartSummary>
                <componentType>Column</componentType>
                <decimalPrecision>-1</decimalPrecision>
                <displayUnits>Millions</displayUnits>
                <drillEnabled>false</drillEnabled>
                <drillToDetailEnabled>false</drillToDetailEnabled>
                <enableHover>true</enableHover>
                <expandOthers>false</expandOthers>
                <groupingColumn>Opportunity.Date_Sent_to_STC__c</groupingColumn>
                <legendPosition>Bottom</legendPosition>
                <report>unfiled$public/Loans_Sent_to_STC_YTD</report>
                <showPercentage>false</showPercentage>
                <showValues>true</showValues>
                <sortBy>RowLabelAscending</sortBy>
                <title>Loans STC YTD $</title>
                <useReportChart>false</useReportChart>
            </dashboardComponent>
            <rowIndex>20</rowIndex>
            <rowSpan>4</rowSpan>
        </dashboardGridComponents>
        <dashboardGridComponents>
            <colSpan>3</colSpan>
            <columnIndex>0</columnIndex>
            <dashboardComponent>
                <autoselectColumnsFromReport>false</autoselectColumnsFromReport>
                <chartAxisRange>Auto</chartAxisRange>
                <chartSummary>
                    <axisBinding>y</axisBinding>
                    <column>RowCount</column>
                </chartSummary>
                <componentType>Donut</componentType>
                <decimalPrecision>-1</decimalPrecision>
                <displayUnits>Auto</displayUnits>
                <drillEnabled>false</drillEnabled>
                <drillToDetailEnabled>false</drillToDetailEnabled>
                <enableHover>false</enableHover>
                <expandOthers>false</expandOthers>
                <groupingColumn>Opportunity.Processor__c</groupingColumn>
                <header>Loans STP Prior Day - Processor</header>
                <legendPosition>Right</legendPosition>
                <maxValuesDisplayed>6</maxValuesDisplayed>
                <report>Processing/Loans_sent_to_Processing_Prior_Day_KRy1</report>
                <showPercentage>false</showPercentage>
                <showTotal>true</showTotal>
                <showValues>true</showValues>
                <sortBy>RowValueDescending</sortBy>
                <useReportChart>false</useReportChart>
            </dashboardComponent>
            <rowIndex>24</rowIndex>
            <rowSpan>4</rowSpan>
        </dashboardGridComponents>
        <dashboardGridComponents>
            <colSpan>3</colSpan>
            <columnIndex>3</columnIndex>
            <dashboardComponent>
                <autoselectColumnsFromReport>false</autoselectColumnsFromReport>
                <chartAxisRange>Auto</chartAxisRange>
                <chartSummary>
                    <axisBinding>y</axisBinding>
                    <column>RowCount</column>
                </chartSummary>
                <componentType>Donut</componentType>
                <decimalPrecision>-1</decimalPrecision>
                <displayUnits>Auto</displayUnits>
                <drillEnabled>false</drillEnabled>
                <drillToDetailEnabled>false</drillToDetailEnabled>
                <enableHover>false</enableHover>
                <expandOthers>false</expandOthers>
                <groupingColumn>SUBJECT</groupingColumn>
                <header>Pre-QC Review Queue - Anna</header>
                <legendPosition>Right</legendPosition>
                <maxValuesDisplayed>6</maxValuesDisplayed>
                <report>unfiled$public/Pre_QC_Review_Queue_Anna</report>
                <showPercentage>false</showPercentage>
                <showTotal>true</showTotal>
                <showValues>true</showValues>
                <sortBy>RowValueDescending</sortBy>
                <useReportChart>false</useReportChart>
            </dashboardComponent>
            <rowIndex>24</rowIndex>
            <rowSpan>4</rowSpan>
        </dashboardGridComponents>
        <numberOfColumns>9</numberOfColumns>
        <rowHeight>80</rowHeight>
    </dashboardGridLayout>
    <dashboardType>SpecifiedUser</dashboardType>
    <description>Pipeline Dashboard</description>
    <isGridLayout>true</isGridLayout>
    <runningUser>ami.plouff@visiolending.com</runningUser>
    <textColor>#000000</textColor>
    <title>Pipeline Dashboard by Stage</title>
    <titleColor>#000000</titleColor>
    <titleSize>12</titleSize>
</Dashboard>
