<?xml version="1.0" encoding="UTF-8"?>
<Dashboard xmlns="http://soap.sforce.com/2006/04/metadata">
    <backgroundEndColor>#FFFFFF</backgroundEndColor>
    <backgroundFadeDirection>Diagonal</backgroundFadeDirection>
    <backgroundStartColor>#FFFFFF</backgroundStartColor>
    <dashboardType>SpecifiedUser</dashboardType>
    <isGridLayout>false</isGridLayout>
    <leftSection>
        <columnSize>Wide</columnSize>
        <components>
            <autoselectColumnsFromReport>true</autoselectColumnsFromReport>
            <chartAxisRange>Auto</chartAxisRange>
            <componentType>Bar</componentType>
            <displayUnits>Auto</displayUnits>
            <drillEnabled>false</drillEnabled>
            <drillToDetailEnabled>false</drillToDetailEnabled>
            <enableHover>false</enableHover>
            <expandOthers>false</expandOthers>
            <header>Owned Leads</header>
            <legendPosition>Bottom</legendPosition>
            <report>K_Irsch_Reports/Owned_Leads_No_Result_of_Convo</report>
            <showPercentage>false</showPercentage>
            <showValues>false</showValues>
            <sortBy>RowLabelAscending</sortBy>
            <title>No Result of Conversation</title>
            <useReportChart>false</useReportChart>
        </components>
        <components>
            <autoselectColumnsFromReport>true</autoselectColumnsFromReport>
            <chartAxisRange>Auto</chartAxisRange>
            <componentType>Bar</componentType>
            <displayUnits>Auto</displayUnits>
            <drillEnabled>false</drillEnabled>
            <drillToDetailEnabled>false</drillToDetailEnabled>
            <enableHover>false</enableHover>
            <expandOthers>false</expandOthers>
            <header>Owned Accounts</header>
            <legendPosition>Bottom</legendPosition>
            <report>K_Irsch_Reports/Assigned_Accounts_No_Result_of</report>
            <showPercentage>false</showPercentage>
            <showValues>false</showValues>
            <sortBy>RowLabelAscending</sortBy>
            <title>No Result of Conversation</title>
            <useReportChart>false</useReportChart>
        </components>
        <components>
            <autoselectColumnsFromReport>true</autoselectColumnsFromReport>
            <chartAxisRange>Auto</chartAxisRange>
            <componentType>Bar</componentType>
            <displayUnits>Auto</displayUnits>
            <drillEnabled>false</drillEnabled>
            <drillToDetailEnabled>false</drillToDetailEnabled>
            <enableHover>false</enableHover>
            <expandOthers>false</expandOthers>
            <header>Owned Leads</header>
            <legendPosition>Bottom</legendPosition>
            <report>K_Irsch_Reports/Owned_Leads_First</report>
            <showPercentage>false</showPercentage>
            <showValues>true</showValues>
            <sortBy>RowLabelAscending</sortBy>
            <title>1st thru 5th Try</title>
            <useReportChart>false</useReportChart>
        </components>
        <components>
            <autoselectColumnsFromReport>true</autoselectColumnsFromReport>
            <chartAxisRange>Auto</chartAxisRange>
            <componentType>Bar</componentType>
            <displayUnits>Auto</displayUnits>
            <drillEnabled>false</drillEnabled>
            <drillToDetailEnabled>false</drillToDetailEnabled>
            <enableHover>false</enableHover>
            <expandOthers>false</expandOthers>
            <header>Owned Accounts</header>
            <legendPosition>Bottom</legendPosition>
            <report>K_Irsch_Reports/Owned_Accounts_First</report>
            <showPercentage>false</showPercentage>
            <showValues>true</showValues>
            <sortBy>RowLabelAscending</sortBy>
            <title>1st thru 5th Try</title>
            <useReportChart>false</useReportChart>
        </components>
        <components>
            <autoselectColumnsFromReport>true</autoselectColumnsFromReport>
            <chartAxisRange>Auto</chartAxisRange>
            <componentType>Bar</componentType>
            <displayUnits>Auto</displayUnits>
            <drillEnabled>false</drillEnabled>
            <drillToDetailEnabled>false</drillToDetailEnabled>
            <enableHover>false</enableHover>
            <expandOthers>false</expandOthers>
            <header>Owned Accounts</header>
            <legendPosition>Bottom</legendPosition>
            <report>unfiled$public/Accounts_without_Calls_Last_90_Days</report>
            <showPercentage>false</showPercentage>
            <showValues>false</showValues>
            <sortBy>RowLabelAscending</sortBy>
            <title>No Calls 90+ Days</title>
            <useReportChart>false</useReportChart>
        </components>
        <components>
            <autoselectColumnsFromReport>true</autoselectColumnsFromReport>
            <chartAxisRange>Auto</chartAxisRange>
            <componentType>Bar</componentType>
            <displayUnits>Auto</displayUnits>
            <drillEnabled>false</drillEnabled>
            <drillToDetailEnabled>false</drillToDetailEnabled>
            <enableHover>false</enableHover>
            <expandOthers>false</expandOthers>
            <header>Owned Leads</header>
            <legendPosition>Bottom</legendPosition>
            <report>unfiled$public/Leads_without_Calls_Last_90_Days</report>
            <showPercentage>false</showPercentage>
            <showValues>false</showValues>
            <sortBy>RowLabelAscending</sortBy>
            <title>No Calls 90+ Days</title>
            <useReportChart>false</useReportChart>
        </components>
        <components>
            <autoselectColumnsFromReport>true</autoselectColumnsFromReport>
            <chartAxisRange>Auto</chartAxisRange>
            <componentType>Bar</componentType>
            <displayUnits>Auto</displayUnits>
            <drillEnabled>false</drillEnabled>
            <drillToDetailEnabled>false</drillToDetailEnabled>
            <enableHover>false</enableHover>
            <expandOthers>false</expandOthers>
            <header>Owned Approved Brokers</header>
            <legendPosition>Bottom</legendPosition>
            <report>unfiled$public/Approved_Brokers_No_Calls_Last_6_Mo</report>
            <showPercentage>false</showPercentage>
            <showValues>false</showValues>
            <sortBy>RowLabelAscending</sortBy>
            <title>No Calls 6 Months</title>
            <useReportChart>false</useReportChart>
        </components>
    </leftSection>
    <middleSection>
        <columnSize>Wide</columnSize>
        <components>
            <autoselectColumnsFromReport>true</autoselectColumnsFromReport>
            <chartAxisRange>Auto</chartAxisRange>
            <componentType>BarStacked</componentType>
            <displayUnits>Auto</displayUnits>
            <drillEnabled>false</drillEnabled>
            <drillToDetailEnabled>false</drillToDetailEnabled>
            <enableHover>false</enableHover>
            <expandOthers>false</expandOthers>
            <header>Owned Accounts</header>
            <legendPosition>Bottom</legendPosition>
            <report>K_Irsch_Reports/Owned_Accounts_Likely_Borrowers</report>
            <showPercentage>false</showPercentage>
            <showValues>false</showValues>
            <sortBy>RowLabelAscending</sortBy>
            <title>Likely Borrowers</title>
            <useReportChart>false</useReportChart>
        </components>
        <components>
            <autoselectColumnsFromReport>true</autoselectColumnsFromReport>
            <chartAxisRange>Auto</chartAxisRange>
            <componentType>Pie</componentType>
            <displayUnits>Auto</displayUnits>
            <drillEnabled>false</drillEnabled>
            <drillToDetailEnabled>false</drillToDetailEnabled>
            <enableHover>false</enableHover>
            <expandOthers>true</expandOthers>
            <header>Unowned Leads</header>
            <legendPosition>Bottom</legendPosition>
            <report>K_Irsch_Reports/Leads_to_Follow_Up_by_Result_of_Convo</report>
            <showPercentage>false</showPercentage>
            <showValues>true</showValues>
            <sortBy>RowLabelAscending</sortBy>
            <title>Likely Borrowers</title>
            <useReportChart>false</useReportChart>
        </components>
        <components>
            <autoselectColumnsFromReport>true</autoselectColumnsFromReport>
            <chartAxisRange>Auto</chartAxisRange>
            <componentType>Pie</componentType>
            <displayUnits>Auto</displayUnits>
            <drillEnabled>false</drillEnabled>
            <drillToDetailEnabled>false</drillToDetailEnabled>
            <enableHover>false</enableHover>
            <expandOthers>false</expandOthers>
            <header>Unowned Accounts</header>
            <legendPosition>Bottom</legendPosition>
            <report>K_Irsch_Reports/Unowned_Accounts_Likely_Borrowers</report>
            <showPercentage>false</showPercentage>
            <showValues>true</showValues>
            <sortBy>RowLabelAscending</sortBy>
            <title>Likely Borrowers</title>
            <useReportChart>false</useReportChart>
        </components>
        <components>
            <autoselectColumnsFromReport>true</autoselectColumnsFromReport>
            <chartAxisRange>Auto</chartAxisRange>
            <componentType>Pie</componentType>
            <displayUnits>Auto</displayUnits>
            <drillEnabled>false</drillEnabled>
            <drillToDetailEnabled>false</drillToDetailEnabled>
            <enableHover>false</enableHover>
            <expandOthers>true</expandOthers>
            <header>Unowned Leads</header>
            <legendPosition>Bottom</legendPosition>
            <report>K_Irsch_Reports/Unowned_Leads_First</report>
            <showPercentage>false</showPercentage>
            <showValues>true</showValues>
            <sortBy>RowLabelAscending</sortBy>
            <title>1st thru 5th Try</title>
            <useReportChart>false</useReportChart>
        </components>
        <components>
            <autoselectColumnsFromReport>true</autoselectColumnsFromReport>
            <chartAxisRange>Auto</chartAxisRange>
            <componentType>Pie</componentType>
            <displayUnits>Auto</displayUnits>
            <drillEnabled>false</drillEnabled>
            <drillToDetailEnabled>false</drillToDetailEnabled>
            <enableHover>true</enableHover>
            <expandOthers>true</expandOthers>
            <header>Unowned Accounts</header>
            <legendPosition>Bottom</legendPosition>
            <report>K_Irsch_Reports/Unowned_Accounts_First</report>
            <showPercentage>false</showPercentage>
            <showValues>true</showValues>
            <sortBy>RowLabelAscending</sortBy>
            <title>1st thru 5th Try</title>
            <useReportChart>false</useReportChart>
        </components>
        <components>
            <autoselectColumnsFromReport>true</autoselectColumnsFromReport>
            <chartAxisRange>Auto</chartAxisRange>
            <componentType>Pie</componentType>
            <displayUnits>Auto</displayUnits>
            <drillEnabled>false</drillEnabled>
            <drillToDetailEnabled>false</drillToDetailEnabled>
            <enableHover>false</enableHover>
            <expandOthers>false</expandOthers>
            <header>Unowned Accounts</header>
            <legendPosition>Bottom</legendPosition>
            <report>unfiled$public/Unowned_Past_Borrowers</report>
            <showPercentage>false</showPercentage>
            <showValues>true</showValues>
            <sortBy>RowLabelAscending</sortBy>
            <title>Past Borrowers</title>
            <useReportChart>false</useReportChart>
        </components>
        <components>
            <autoselectColumnsFromReport>true</autoselectColumnsFromReport>
            <chartAxisRange>Auto</chartAxisRange>
            <componentType>Pie</componentType>
            <displayUnits>Auto</displayUnits>
            <drillEnabled>false</drillEnabled>
            <drillToDetailEnabled>false</drillToDetailEnabled>
            <enableHover>true</enableHover>
            <expandOthers>false</expandOthers>
            <header>Unowned Accounts</header>
            <legendPosition>Bottom</legendPosition>
            <report>K_Irsch_Reports/Unowned_Accounts_700_Credit</report>
            <showPercentage>false</showPercentage>
            <showValues>true</showValues>
            <sortBy>RowLabelAscending</sortBy>
            <title>700+ Credit Score</title>
            <useReportChart>false</useReportChart>
        </components>
    </middleSection>
    <rightSection>
        <columnSize>Wide</columnSize>
        <components>
            <autoselectColumnsFromReport>true</autoselectColumnsFromReport>
            <chartAxisRange>Auto</chartAxisRange>
            <componentType>BarStacked</componentType>
            <displayUnits>Integer</displayUnits>
            <drillEnabled>false</drillEnabled>
            <drillToDetailEnabled>false</drillToDetailEnabled>
            <enableHover>false</enableHover>
            <expandOthers>false</expandOthers>
            <header>Owned Brokers</header>
            <legendPosition>Bottom</legendPosition>
            <report>unfiled$public/Brokers_Accounts</report>
            <showPercentage>false</showPercentage>
            <showValues>false</showValues>
            <sortBy>RowLabelAscending</sortBy>
            <title>Accounts</title>
            <useReportChart>false</useReportChart>
        </components>
        <components>
            <autoselectColumnsFromReport>true</autoselectColumnsFromReport>
            <chartAxisRange>Auto</chartAxisRange>
            <componentType>Bar</componentType>
            <displayUnits>Auto</displayUnits>
            <drillEnabled>false</drillEnabled>
            <drillToDetailEnabled>false</drillToDetailEnabled>
            <enableHover>false</enableHover>
            <expandOthers>false</expandOthers>
            <footer>Click report to view your loan pipeline (preview is blank)</footer>
            <header>My Loan Pipeline</header>
            <legendPosition>Bottom</legendPosition>
            <report>K_Irsch_Reports/My_Loan_Pipeline</report>
            <showPercentage>false</showPercentage>
            <showValues>false</showValues>
            <sortBy>RowLabelAscending</sortBy>
            <title>My Loan Pipeline</title>
            <useReportChart>false</useReportChart>
        </components>
        <components>
            <autoselectColumnsFromReport>true</autoselectColumnsFromReport>
            <chartAxisRange>Auto</chartAxisRange>
            <componentType>Bar</componentType>
            <displayUnits>Auto</displayUnits>
            <drillEnabled>false</drillEnabled>
            <drillToDetailEnabled>false</drillToDetailEnabled>
            <enableHover>false</enableHover>
            <expandOthers>false</expandOthers>
            <footer>Click report to view your loans by broker (preview is blank)</footer>
            <legendPosition>Bottom</legendPosition>
            <report>unfiled$public/My_Loans_by_Broker</report>
            <showPercentage>false</showPercentage>
            <showValues>true</showValues>
            <sortBy>RowLabelAscending</sortBy>
            <title>My Loans by Broker</title>
            <useReportChart>false</useReportChart>
        </components>
    </rightSection>
    <runningUser>sfadmin@visiolending.com</runningUser>
    <textColor>#000000</textColor>
    <title>Sales Follow-up</title>
    <titleColor>#000000</titleColor>
    <titleSize>12</titleSize>
</Dashboard>
