<?xml version="1.0" encoding="UTF-8"?>
<Dashboard xmlns="http://soap.sforce.com/2006/04/metadata">
    <backgroundEndColor>#CCCCFF</backgroundEndColor>
    <backgroundFadeDirection>Diagonal</backgroundFadeDirection>
    <backgroundStartColor>#FFFFFF</backgroundStartColor>
    <dashboardType>SpecifiedUser</dashboardType>
    <isGridLayout>false</isGridLayout>
    <leftSection>
        <columnSize>Wide</columnSize>
        <components>
            <autoselectColumnsFromReport>true</autoselectColumnsFromReport>
            <chartAxisRange>Auto</chartAxisRange>
            <componentType>Column</componentType>
            <displayUnits>Auto</displayUnits>
            <drillEnabled>false</drillEnabled>
            <drillToDetailEnabled>false</drillToDetailEnabled>
            <enableHover>false</enableHover>
            <expandOthers>false</expandOthers>
            <legendPosition>Bottom</legendPosition>
            <report>Sales_Management/Days_in_Processing</report>
            <showPercentage>false</showPercentage>
            <showValues>true</showValues>
            <sortBy>RowLabelAscending</sortBy>
            <title>Loan Days in Processing</title>
            <useReportChart>false</useReportChart>
        </components>
        <components>
            <autoselectColumnsFromReport>true</autoselectColumnsFromReport>
            <componentType>Table</componentType>
            <displayUnits>Integer</displayUnits>
            <drillEnabled>false</drillEnabled>
            <drillToDetailEnabled>false</drillToDetailEnabled>
            <header>Opportunity Pipeline</header>
            <indicatorHighColor>#54C254</indicatorHighColor>
            <indicatorLowColor>#C25454</indicatorLowColor>
            <indicatorMiddleColor>#C2C254</indicatorMiddleColor>
            <report>unfiled$public/Opportunity_Pipeline</report>
            <sortBy>RowLabelAscending</sortBy>
        </components>
        <components>
            <autoselectColumnsFromReport>true</autoselectColumnsFromReport>
            <chartAxisRange>Auto</chartAxisRange>
            <componentType>Pie</componentType>
            <displayUnits>Auto</displayUnits>
            <drillEnabled>false</drillEnabled>
            <drillToDetailEnabled>false</drillToDetailEnabled>
            <enableHover>false</enableHover>
            <expandOthers>false</expandOthers>
            <header>Lead Sources Last 120 Days</header>
            <legendPosition>Bottom</legendPosition>
            <report>unfiled$public/Lead_Creations_by_Source_Last_120_Days</report>
            <showPercentage>false</showPercentage>
            <showValues>true</showValues>
            <sortBy>RowLabelAscending</sortBy>
            <useReportChart>false</useReportChart>
        </components>
        <components>
            <autoselectColumnsFromReport>true</autoselectColumnsFromReport>
            <componentType>Gauge</componentType>
            <displayUnits>Integer</displayUnits>
            <gaugeMax>1500000.0</gaugeMax>
            <gaugeMin>0.0</gaugeMin>
            <header>Sales</header>
            <indicatorBreakpoint1>500000.0</indicatorBreakpoint1>
            <indicatorBreakpoint2>1000000.0</indicatorBreakpoint2>
            <indicatorHighColor>#009900</indicatorHighColor>
            <indicatorLowColor>#990000</indicatorLowColor>
            <indicatorMiddleColor>#FFCC66</indicatorMiddleColor>
            <report>unfiled$public/SampleReportClosedSales</report>
            <showPercentage>false</showPercentage>
            <showRange>false</showRange>
            <showTotal>true</showTotal>
            <showValues>false</showValues>
            <title>Closed Sales To Date</title>
        </components>
        <components>
            <autoselectColumnsFromReport>true</autoselectColumnsFromReport>
            <componentType>Table</componentType>
            <displayUnits>Auto</displayUnits>
            <drillEnabled>false</drillEnabled>
            <drillToDetailEnabled>false</drillToDetailEnabled>
            <header>Top 5 Open Deals</header>
            <indicatorHighColor>#00FF00</indicatorHighColor>
            <indicatorLowColor>#FF0000</indicatorLowColor>
            <indicatorMiddleColor>#FFFF00</indicatorMiddleColor>
            <maxValuesDisplayed>5</maxValuesDisplayed>
            <report>unfiled$public/SampleReportOpenDeals</report>
            <sortBy>RowValueDescending</sortBy>
        </components>
        <components>
            <autoselectColumnsFromReport>true</autoselectColumnsFromReport>
            <chartAxisRange>Auto</chartAxisRange>
            <componentType>LineGroupedCumulative</componentType>
            <displayUnits>Auto</displayUnits>
            <drillEnabled>false</drillEnabled>
            <drillToDetailEnabled>false</drillToDetailEnabled>
            <enableHover>false</enableHover>
            <expandOthers>false</expandOthers>
            <header>Month to Date Sales Trending</header>
            <legendPosition>Bottom</legendPosition>
            <report>unfiled$public/SampleReportMonthtoDateTrending</report>
            <showPercentage>false</showPercentage>
            <showValues>false</showValues>
            <sortBy>RowLabelAscending</sortBy>
            <useReportChart>false</useReportChart>
        </components>
        <components>
            <autoselectColumnsFromReport>true</autoselectColumnsFromReport>
            <componentType>Table</componentType>
            <displayUnits>Auto</displayUnits>
            <drillEnabled>false</drillEnabled>
            <drillToDetailEnabled>false</drillToDetailEnabled>
            <header>Sales Leaderboard</header>
            <indicatorHighColor>#54C254</indicatorHighColor>
            <indicatorLowColor>#C25454</indicatorLowColor>
            <indicatorMiddleColor>#C2C254</indicatorMiddleColor>
            <report>unfiled$public/SampleReportSalesLeaderboard</report>
            <sortBy>RowValueDescending</sortBy>
        </components>
        <components>
            <autoselectColumnsFromReport>true</autoselectColumnsFromReport>
            <componentType>Table</componentType>
            <displayUnits>Auto</displayUnits>
            <drillEnabled>false</drillEnabled>
            <drillToDetailEnabled>false</drillToDetailEnabled>
            <header>Key Accounts</header>
            <indicatorHighColor>#00FF00</indicatorHighColor>
            <indicatorLowColor>#FF0000</indicatorLowColor>
            <indicatorMiddleColor>#FFFF00</indicatorMiddleColor>
            <maxValuesDisplayed>5</maxValuesDisplayed>
            <report>unfiled$public/SampleReportTopAccounts</report>
            <sortBy>RowValueDescending</sortBy>
        </components>
        <components>
            <autoselectColumnsFromReport>true</autoselectColumnsFromReport>
            <chartAxisRange>Auto</chartAxisRange>
            <componentType>ColumnStacked</componentType>
            <displayUnits>Auto</displayUnits>
            <drillEnabled>false</drillEnabled>
            <drillToDetailEnabled>false</drillToDetailEnabled>
            <enableHover>false</enableHover>
            <expandOthers>false</expandOthers>
            <header>Historical Snapshot</header>
            <legendPosition>Bottom</legendPosition>
            <report>unfiled$public/SampleReportPipelineHistory</report>
            <showPercentage>false</showPercentage>
            <showValues>false</showValues>
            <sortBy>RowLabelAscending</sortBy>
            <useReportChart>false</useReportChart>
        </components>
    </leftSection>
    <middleSection>
        <columnSize>Wide</columnSize>
        <components>
            <autoselectColumnsFromReport>true</autoselectColumnsFromReport>
            <chartAxisRange>Auto</chartAxisRange>
            <componentType>Pie</componentType>
            <displayUnits>Auto</displayUnits>
            <drillEnabled>false</drillEnabled>
            <drillToDetailEnabled>false</drillToDetailEnabled>
            <enableHover>false</enableHover>
            <expandOthers>false</expandOthers>
            <header>Leads Created Last Week</header>
            <legendPosition>Bottom</legendPosition>
            <report>unfiled$public/Leads_Created_Last_Week</report>
            <showPercentage>false</showPercentage>
            <showValues>true</showValues>
            <sortBy>RowLabelAscending</sortBy>
            <title>Leads Created Last Week</title>
            <useReportChart>false</useReportChart>
        </components>
        <components>
            <autoselectColumnsFromReport>true</autoselectColumnsFromReport>
            <chartAxisRange>Auto</chartAxisRange>
            <componentType>LineGrouped</componentType>
            <displayUnits>Auto</displayUnits>
            <drillEnabled>false</drillEnabled>
            <drillToDetailEnabled>false</drillToDetailEnabled>
            <enableHover>false</enableHover>
            <expandOthers>false</expandOthers>
            <legendPosition>Bottom</legendPosition>
            <report>unfiled$public/SampleReportPipelineByCloseMonth</report>
            <showPercentage>false</showPercentage>
            <showValues>false</showValues>
            <sortBy>RowLabelAscending</sortBy>
            <title>Pipeline by Type and Close Month</title>
            <useReportChart>false</useReportChart>
        </components>
        <components>
            <autoselectColumnsFromReport>true</autoselectColumnsFromReport>
            <chartAxisRange>Auto</chartAxisRange>
            <componentType>ColumnStacked</componentType>
            <displayUnits>Auto</displayUnits>
            <drillEnabled>false</drillEnabled>
            <drillToDetailEnabled>false</drillToDetailEnabled>
            <enableHover>false</enableHover>
            <expandOthers>false</expandOthers>
            <legendPosition>Bottom</legendPosition>
            <report>unfiled$public/SampleReportsLeadsbyStatus</report>
            <showPercentage>false</showPercentage>
            <showValues>false</showValues>
            <sortBy>RowLabelAscending</sortBy>
            <title>Lead by Lead Status</title>
            <useReportChart>false</useReportChart>
        </components>
        <components>
            <autoselectColumnsFromReport>false</autoselectColumnsFromReport>
            <chartAxisRange>Auto</chartAxisRange>
            <chartSummary>
                <axisBinding>y</axisBinding>
                <column>RowCount</column>
            </chartSummary>
            <componentType>BarGrouped</componentType>
            <displayUnits>Auto</displayUnits>
            <drillEnabled>false</drillEnabled>
            <drillToDetailEnabled>false</drillToDetailEnabled>
            <enableHover>true</enableHover>
            <expandOthers>false</expandOthers>
            <groupingColumn>NEWVAL</groupingColumn>
            <groupingColumn>OPP_OWNER</groupingColumn>
            <legendPosition>Bottom</legendPosition>
            <report>unfiled$public/Stage_Changes_yesterday</report>
            <showPercentage>false</showPercentage>
            <showValues>false</showValues>
            <sortBy>RowLabelAscending</sortBy>
            <title>Loan movement yesterday</title>
            <useReportChart>false</useReportChart>
        </components>
        <components>
            <autoselectColumnsFromReport>false</autoselectColumnsFromReport>
            <chartAxisRange>Auto</chartAxisRange>
            <chartSummary>
                <axisBinding>y</axisBinding>
                <column>RowCount</column>
            </chartSummary>
            <componentType>BarGrouped</componentType>
            <displayUnits>Auto</displayUnits>
            <drillEnabled>true</drillEnabled>
            <drillToDetailEnabled>false</drillToDetailEnabled>
            <enableHover>true</enableHover>
            <expandOthers>false</expandOthers>
            <groupingColumn>NEWVAL</groupingColumn>
            <groupingColumn>OPP_OWNER</groupingColumn>
            <legendPosition>Bottom</legendPosition>
            <report>unfiled$public/Stage_Changes_WTD</report>
            <showPercentage>false</showPercentage>
            <showValues>false</showValues>
            <sortBy>RowLabelAscending</sortBy>
            <title>Loan Movement Week to Date</title>
            <useReportChart>false</useReportChart>
        </components>
        <components>
            <autoselectColumnsFromReport>false</autoselectColumnsFromReport>
            <chartAxisRange>Auto</chartAxisRange>
            <chartSummary>
                <axisBinding>y</axisBinding>
                <column>RowCount</column>
            </chartSummary>
            <componentType>BarGrouped</componentType>
            <displayUnits>Auto</displayUnits>
            <drillEnabled>false</drillEnabled>
            <drillToDetailEnabled>false</drillToDetailEnabled>
            <enableHover>true</enableHover>
            <expandOthers>false</expandOthers>
            <groupingColumn>NEWVAL</groupingColumn>
            <groupingColumn>OPP_OWNER</groupingColumn>
            <legendPosition>Bottom</legendPosition>
            <report>unfiled$public/Stage_Changes_MTD</report>
            <showPercentage>false</showPercentage>
            <showValues>false</showValues>
            <sortBy>RowLabelAscending</sortBy>
            <title>Loan Movement MTD</title>
            <useReportChart>false</useReportChart>
        </components>
    </middleSection>
    <rightSection>
        <columnSize>Wide</columnSize>
        <components>
            <autoselectColumnsFromReport>true</autoselectColumnsFromReport>
            <chartAxisRange>Auto</chartAxisRange>
            <componentType>Pie</componentType>
            <displayUnits>Auto</displayUnits>
            <drillEnabled>false</drillEnabled>
            <drillToDetailEnabled>false</drillToDetailEnabled>
            <enableHover>false</enableHover>
            <expandOthers>false</expandOthers>
            <header>Accounts Created Last Week</header>
            <legendPosition>Bottom</legendPosition>
            <report>unfiled$public/Accounts_Created_Last_Week</report>
            <showPercentage>false</showPercentage>
            <showValues>true</showValues>
            <sortBy>RowLabelAscending</sortBy>
            <title>Accounts Created Last Week</title>
            <useReportChart>false</useReportChart>
        </components>
        <components>
            <autoselectColumnsFromReport>true</autoselectColumnsFromReport>
            <chartAxisRange>Auto</chartAxisRange>
            <componentType>Funnel</componentType>
            <displayUnits>Auto</displayUnits>
            <drillEnabled>false</drillEnabled>
            <drillToDetailEnabled>false</drillToDetailEnabled>
            <enableHover>true</enableHover>
            <expandOthers>false</expandOthers>
            <header>Pipeline Analysis</header>
            <legendPosition>Bottom</legendPosition>
            <report>unfiled$public/SampleReportSalesPipelinebyStage</report>
            <showPercentage>false</showPercentage>
            <showValues>true</showValues>
            <sortBy>RowLabelAscending</sortBy>
            <title>Pipeline by Stage and Type</title>
            <useReportChart>false</useReportChart>
        </components>
        <components>
            <autoselectColumnsFromReport>false</autoselectColumnsFromReport>
            <chartAxisRange>Auto</chartAxisRange>
            <chartSummary>
                <axisBinding>y</axisBinding>
                <column>RowCount</column>
            </chartSummary>
            <componentType>Bar</componentType>
            <displayUnits>Auto</displayUnits>
            <drillEnabled>false</drillEnabled>
            <drillToDetailEnabled>false</drillToDetailEnabled>
            <enableHover>false</enableHover>
            <expandOthers>false</expandOthers>
            <groupingColumn>STAGE_NAME</groupingColumn>
            <header>Current Pipeline</header>
            <legendPosition>Bottom</legendPosition>
            <report>unfiled$public/Opportunity_Pipeline</report>
            <showPercentage>false</showPercentage>
            <showValues>true</showValues>
            <sortBy>RowLabelAscending</sortBy>
            <useReportChart>false</useReportChart>
        </components>
        <components>
            <autoselectColumnsFromReport>false</autoselectColumnsFromReport>
            <chartAxisRange>Auto</chartAxisRange>
            <chartSummary>
                <axisBinding>y</axisBinding>
                <column>RowCount</column>
            </chartSummary>
            <componentType>BarGrouped</componentType>
            <displayUnits>Auto</displayUnits>
            <drillEnabled>false</drillEnabled>
            <drillToDetailEnabled>false</drillToDetailEnabled>
            <enableHover>true</enableHover>
            <expandOthers>false</expandOthers>
            <groupingColumn>STAGE_NAME</groupingColumn>
            <groupingColumn>FULL_NAME</groupingColumn>
            <header>Current Pipeline by AE</header>
            <legendPosition>Bottom</legendPosition>
            <report>unfiled$public/Pipeline_by_AE</report>
            <showPercentage>false</showPercentage>
            <showValues>false</showValues>
            <sortBy>RowLabelAscending</sortBy>
            <useReportChart>false</useReportChart>
        </components>
    </rightSection>
    <runningUser>sfadmin@visiolending.com</runningUser>
    <textColor>#000000</textColor>
    <title>Sales Dashboard</title>
    <titleColor>#000099</titleColor>
    <titleSize>12</titleSize>
</Dashboard>
