<?xml version="1.0" encoding="UTF-8"?>
<Dashboard xmlns="http://soap.sforce.com/2006/04/metadata">
    <backgroundEndColor>#FFFFFF</backgroundEndColor>
    <backgroundFadeDirection>Diagonal</backgroundFadeDirection>
    <backgroundStartColor>#FFFFFF</backgroundStartColor>
    <dashboardType>SpecifiedUser</dashboardType>
    <description>Pipeline Dashboard</description>
    <isGridLayout>false</isGridLayout>
    <leftSection>
        <columnSize>Wide</columnSize>
        <components>
            <autoselectColumnsFromReport>true</autoselectColumnsFromReport>
            <chartAxisRange>Auto</chartAxisRange>
            <componentType>Donut</componentType>
            <displayUnits>Auto</displayUnits>
            <drillEnabled>false</drillEnabled>
            <drillToDetailEnabled>false</drillToDetailEnabled>
            <enableHover>true</enableHover>
            <expandOthers>false</expandOthers>
            <legendPosition>Bottom</legendPosition>
            <report>unfiled$public/All_loans_in_Processing_public</report>
            <showPercentage>false</showPercentage>
            <showTotal>true</showTotal>
            <showValues>true</showValues>
            <sortBy>RowLabelAscending</sortBy>
            <title>All loans in Processing by AE</title>
            <useReportChart>false</useReportChart>
        </components>
        <components>
            <autoselectColumnsFromReport>false</autoselectColumnsFromReport>
            <chartAxisRange>Auto</chartAxisRange>
            <chartSummary>
                <axisBinding>y</axisBinding>
                <column>RowCount</column>
            </chartSummary>
            <componentType>Donut</componentType>
            <displayUnits>Auto</displayUnits>
            <drillEnabled>false</drillEnabled>
            <drillToDetailEnabled>false</drillToDetailEnabled>
            <enableHover>true</enableHover>
            <expandOthers>false</expandOthers>
            <groupingColumn>Opportunity.Processor__c</groupingColumn>
            <legendPosition>Bottom</legendPosition>
            <report>unfiled$public/All_loans_in_Processing_by_Processor</report>
            <showPercentage>false</showPercentage>
            <showTotal>true</showTotal>
            <showValues>true</showValues>
            <sortBy>RowLabelAscending</sortBy>
            <title>All loans in Processing by Processor</title>
            <useReportChart>false</useReportChart>
        </components>
        <components>
            <autoselectColumnsFromReport>true</autoselectColumnsFromReport>
            <chartAxisRange>Auto</chartAxisRange>
            <componentType>Donut</componentType>
            <displayUnits>Auto</displayUnits>
            <drillEnabled>false</drillEnabled>
            <drillToDetailEnabled>false</drillToDetailEnabled>
            <enableHover>true</enableHover>
            <expandOthers>false</expandOthers>
            <legendPosition>Bottom</legendPosition>
            <report>Sales_Management/All_Loans_in_QC</report>
            <showPercentage>false</showPercentage>
            <showTotal>true</showTotal>
            <showValues>true</showValues>
            <sortBy>RowLabelAscending</sortBy>
            <title>All loans in QC/UW/STC by AE</title>
            <useReportChart>false</useReportChart>
        </components>
        <components>
            <autoselectColumnsFromReport>false</autoselectColumnsFromReport>
            <chartAxisRange>Auto</chartAxisRange>
            <chartSummary>
                <axisBinding>y</axisBinding>
                <column>RowCount</column>
            </chartSummary>
            <componentType>Donut</componentType>
            <displayUnits>Auto</displayUnits>
            <drillEnabled>false</drillEnabled>
            <drillToDetailEnabled>false</drillToDetailEnabled>
            <enableHover>true</enableHover>
            <expandOthers>false</expandOthers>
            <groupingColumn>Opportunity.Processor__c</groupingColumn>
            <legendPosition>Bottom</legendPosition>
            <report>unfiled$public/All_loans_in_QC_by_Proccesor</report>
            <showPercentage>false</showPercentage>
            <showTotal>true</showTotal>
            <showValues>true</showValues>
            <sortBy>RowLabelAscending</sortBy>
            <title>All loans in QC/UW/STC by Procesor</title>
            <useReportChart>false</useReportChart>
        </components>
        <components>
            <autoselectColumnsFromReport>true</autoselectColumnsFromReport>
            <chartAxisRange>Auto</chartAxisRange>
            <componentType>Donut</componentType>
            <displayUnits>Auto</displayUnits>
            <drillEnabled>false</drillEnabled>
            <drillToDetailEnabled>false</drillToDetailEnabled>
            <enableHover>true</enableHover>
            <expandOthers>false</expandOthers>
            <legendPosition>Bottom</legendPosition>
            <report>Sales_Management/All_Loans_in_Closing</report>
            <showPercentage>false</showPercentage>
            <showTotal>true</showTotal>
            <showValues>true</showValues>
            <sortBy>RowLabelAscending</sortBy>
            <title>All loans in Closing by AE</title>
            <useReportChart>false</useReportChart>
        </components>
        <components>
            <autoselectColumnsFromReport>false</autoselectColumnsFromReport>
            <chartAxisRange>Auto</chartAxisRange>
            <chartSummary>
                <axisBinding>y</axisBinding>
                <column>RowCount</column>
            </chartSummary>
            <componentType>Donut</componentType>
            <displayUnits>Auto</displayUnits>
            <drillEnabled>false</drillEnabled>
            <drillToDetailEnabled>false</drillToDetailEnabled>
            <enableHover>true</enableHover>
            <expandOthers>false</expandOthers>
            <groupingColumn>Opportunity.Processor__c</groupingColumn>
            <legendPosition>Bottom</legendPosition>
            <report>unfiled$public/All_loans_in_Closing_by_Processor</report>
            <showPercentage>false</showPercentage>
            <showTotal>true</showTotal>
            <showValues>true</showValues>
            <sortBy>RowLabelAscending</sortBy>
            <title>All loans in Closing by Processor</title>
            <useReportChart>false</useReportChart>
        </components>
        <components>
            <autoselectColumnsFromReport>false</autoselectColumnsFromReport>
            <chartAxisRange>Auto</chartAxisRange>
            <chartSummary>
                <axisBinding>y</axisBinding>
                <column>RowCount</column>
            </chartSummary>
            <componentType>Donut</componentType>
            <displayUnits>Auto</displayUnits>
            <drillEnabled>false</drillEnabled>
            <drillToDetailEnabled>false</drillToDetailEnabled>
            <enableHover>true</enableHover>
            <expandOthers>true</expandOthers>
            <groupingColumn>QC__c.QCReviewedBy__c</groupingColumn>
            <legendPosition>Bottom</legendPosition>
            <report>unfiled$public/QC_Queue</report>
            <showPercentage>false</showPercentage>
            <showTotal>true</showTotal>
            <showValues>true</showValues>
            <sortBy>RowLabelAscending</sortBy>
            <title>QC Queue</title>
            <useReportChart>false</useReportChart>
        </components>
    </leftSection>
    <middleSection>
        <columnSize>Wide</columnSize>
        <components>
            <autoselectColumnsFromReport>false</autoselectColumnsFromReport>
            <chartAxisRange>Auto</chartAxisRange>
            <chartSummary>
                <aggregate>Sum</aggregate>
                <axisBinding>y</axisBinding>
                <column>Opportunity.Loan_Amount__c</column>
            </chartSummary>
            <componentType>Donut</componentType>
            <displayUnits>Auto</displayUnits>
            <drillEnabled>false</drillEnabled>
            <drillToDetailEnabled>false</drillToDetailEnabled>
            <enableHover>true</enableHover>
            <expandOthers>false</expandOthers>
            <groupingColumn>FULL_NAME</groupingColumn>
            <legendPosition>Bottom</legendPosition>
            <report>unfiled$public/All_loans_in_Processing_public</report>
            <showPercentage>false</showPercentage>
            <showTotal>true</showTotal>
            <showValues>true</showValues>
            <sortBy>RowLabelAscending</sortBy>
            <title>All loans in Processing by AE $</title>
            <useReportChart>false</useReportChart>
        </components>
        <components>
            <autoselectColumnsFromReport>false</autoselectColumnsFromReport>
            <chartAxisRange>Auto</chartAxisRange>
            <chartSummary>
                <aggregate>Sum</aggregate>
                <axisBinding>y</axisBinding>
                <column>Opportunity.Loan_Amount__c</column>
            </chartSummary>
            <componentType>Donut</componentType>
            <displayUnits>Auto</displayUnits>
            <drillEnabled>false</drillEnabled>
            <drillToDetailEnabled>false</drillToDetailEnabled>
            <enableHover>true</enableHover>
            <expandOthers>true</expandOthers>
            <groupingColumn>Opportunity.Processor__c</groupingColumn>
            <legendPosition>Bottom</legendPosition>
            <report>unfiled$public/All_loans_in_Processing_by_Processor</report>
            <showPercentage>false</showPercentage>
            <showTotal>true</showTotal>
            <showValues>true</showValues>
            <sortBy>RowLabelAscending</sortBy>
            <title>All loans in Processing by Processor $</title>
            <useReportChart>false</useReportChart>
        </components>
        <components>
            <autoselectColumnsFromReport>false</autoselectColumnsFromReport>
            <chartAxisRange>Auto</chartAxisRange>
            <chartSummary>
                <aggregate>Sum</aggregate>
                <axisBinding>y</axisBinding>
                <column>Opportunity.Loan_Amount__c</column>
            </chartSummary>
            <componentType>Donut</componentType>
            <displayUnits>Auto</displayUnits>
            <drillEnabled>false</drillEnabled>
            <drillToDetailEnabled>false</drillToDetailEnabled>
            <enableHover>true</enableHover>
            <expandOthers>true</expandOthers>
            <groupingColumn>FULL_NAME</groupingColumn>
            <legendPosition>Bottom</legendPosition>
            <report>Sales_Management/All_Loans_in_QC</report>
            <showPercentage>false</showPercentage>
            <showTotal>true</showTotal>
            <showValues>true</showValues>
            <sortBy>RowLabelAscending</sortBy>
            <title>All loans in QC/UW/STC by AE $</title>
            <useReportChart>false</useReportChart>
        </components>
        <components>
            <autoselectColumnsFromReport>false</autoselectColumnsFromReport>
            <chartAxisRange>Auto</chartAxisRange>
            <chartSummary>
                <aggregate>Sum</aggregate>
                <axisBinding>y</axisBinding>
                <column>Opportunity.Loan_Amount__c</column>
            </chartSummary>
            <componentType>Donut</componentType>
            <displayUnits>Auto</displayUnits>
            <drillEnabled>false</drillEnabled>
            <drillToDetailEnabled>false</drillToDetailEnabled>
            <enableHover>true</enableHover>
            <expandOthers>true</expandOthers>
            <groupingColumn>Opportunity.Processor__c</groupingColumn>
            <legendPosition>Bottom</legendPosition>
            <report>unfiled$public/All_loans_in_QC_by_Proccesor</report>
            <showPercentage>false</showPercentage>
            <showTotal>true</showTotal>
            <showValues>true</showValues>
            <sortBy>RowLabelAscending</sortBy>
            <title>All loans in QC/UW/STC by Procesor $</title>
            <useReportChart>false</useReportChart>
        </components>
        <components>
            <autoselectColumnsFromReport>false</autoselectColumnsFromReport>
            <chartAxisRange>Auto</chartAxisRange>
            <chartSummary>
                <aggregate>Sum</aggregate>
                <axisBinding>y</axisBinding>
                <column>Opportunity.Loan_Amount__c</column>
            </chartSummary>
            <componentType>Donut</componentType>
            <displayUnits>Auto</displayUnits>
            <drillEnabled>false</drillEnabled>
            <drillToDetailEnabled>false</drillToDetailEnabled>
            <enableHover>true</enableHover>
            <expandOthers>true</expandOthers>
            <groupingColumn>FULL_NAME</groupingColumn>
            <legendPosition>Bottom</legendPosition>
            <report>Sales_Management/All_Loans_in_Closing</report>
            <showPercentage>false</showPercentage>
            <showTotal>true</showTotal>
            <showValues>true</showValues>
            <sortBy>RowLabelAscending</sortBy>
            <title>All loans in Closing by AE $</title>
            <useReportChart>false</useReportChart>
        </components>
        <components>
            <autoselectColumnsFromReport>false</autoselectColumnsFromReport>
            <chartAxisRange>Auto</chartAxisRange>
            <chartSummary>
                <aggregate>Sum</aggregate>
                <axisBinding>y</axisBinding>
                <column>Opportunity.Loan_Amount__c</column>
            </chartSummary>
            <componentType>Donut</componentType>
            <displayUnits>Auto</displayUnits>
            <drillEnabled>false</drillEnabled>
            <drillToDetailEnabled>false</drillToDetailEnabled>
            <enableHover>true</enableHover>
            <expandOthers>false</expandOthers>
            <groupingColumn>Opportunity.Processor__c</groupingColumn>
            <legendPosition>Bottom</legendPosition>
            <report>unfiled$public/All_loans_in_Closing_by_Processor</report>
            <showPercentage>false</showPercentage>
            <showTotal>true</showTotal>
            <showValues>true</showValues>
            <sortBy>RowLabelAscending</sortBy>
            <title>All loans in Closing by Processor $</title>
            <useReportChart>false</useReportChart>
        </components>
        <components>
            <autoselectColumnsFromReport>false</autoselectColumnsFromReport>
            <chartAxisRange>Auto</chartAxisRange>
            <chartSummary>
                <axisBinding>y</axisBinding>
                <column>RowCount</column>
            </chartSummary>
            <componentType>Donut</componentType>
            <displayUnits>Auto</displayUnits>
            <drillEnabled>false</drillEnabled>
            <drillToDetailEnabled>false</drillToDetailEnabled>
            <enableHover>true</enableHover>
            <expandOthers>true</expandOthers>
            <groupingColumn>STC_Sent_to_Closing__c.STCResult__c</groupingColumn>
            <legendPosition>Bottom</legendPosition>
            <report>unfiled$public/STC_Queue</report>
            <showPercentage>false</showPercentage>
            <showTotal>true</showTotal>
            <showValues>true</showValues>
            <sortBy>RowLabelAscending</sortBy>
            <title>STC Queue</title>
            <useReportChart>false</useReportChart>
        </components>
    </middleSection>
    <rightSection>
        <columnSize>Wide</columnSize>
    </rightSection>
    <runningUser>ami.plouff@visiolending.com</runningUser>
    <textColor>#000000</textColor>
    <title>Total Pipeline Dashboard</title>
    <titleColor>#000000</titleColor>
    <titleSize>12</titleSize>
</Dashboard>
