<?xml version="1.0" encoding="UTF-8"?>
<Dashboard xmlns="http://soap.sforce.com/2006/04/metadata">
    <backgroundEndColor>#FFFFFF</backgroundEndColor>
    <backgroundFadeDirection>Diagonal</backgroundFadeDirection>
    <backgroundStartColor>#FFFFFF</backgroundStartColor>
    <dashboardType>SpecifiedUser</dashboardType>
    <isGridLayout>false</isGridLayout>
    <leftSection>
        <columnSize>Wide</columnSize>
        <components>
            <autoselectColumnsFromReport>false</autoselectColumnsFromReport>
            <chartAxisRange>Auto</chartAxisRange>
            <chartSummary>
                <axisBinding>y</axisBinding>
                <column>RowCount</column>
            </chartSummary>
            <componentType>Bar</componentType>
            <displayUnits>Auto</displayUnits>
            <drillEnabled>false</drillEnabled>
            <drillToDetailEnabled>false</drillToDetailEnabled>
            <enableHover>true</enableHover>
            <expandOthers>false</expandOthers>
            <groupingColumn>FULL_NAME</groupingColumn>
            <legendPosition>Bottom</legendPosition>
            <report>Sales_Management/Loans_sent_to_Processing_MTD</report>
            <showPercentage>false</showPercentage>
            <showValues>true</showValues>
            <sortBy>RowValueDescending</sortBy>
            <title>Loans STP MTD</title>
            <useReportChart>false</useReportChart>
        </components>
        <components>
            <autoselectColumnsFromReport>false</autoselectColumnsFromReport>
            <chartAxisRange>Auto</chartAxisRange>
            <chartSummary>
                <axisBinding>y</axisBinding>
                <column>RowCount</column>
            </chartSummary>
            <componentType>Bar</componentType>
            <displayUnits>Auto</displayUnits>
            <drillEnabled>false</drillEnabled>
            <drillToDetailEnabled>false</drillToDetailEnabled>
            <enableHover>true</enableHover>
            <expandOthers>false</expandOthers>
            <groupingColumn>FULL_NAME</groupingColumn>
            <legendPosition>Bottom</legendPosition>
            <report>Sales_Management/Appraisal_Invoice_Ordered_Paid_by_AE</report>
            <showPercentage>false</showPercentage>
            <showValues>true</showValues>
            <sortBy>RowValueDescending</sortBy>
            <title>Appraisal Invoices Ordered MTD by AE</title>
            <useReportChart>false</useReportChart>
        </components>
        <components>
            <autoselectColumnsFromReport>false</autoselectColumnsFromReport>
            <chartAxisRange>Auto</chartAxisRange>
            <chartSummary>
                <axisBinding>y</axisBinding>
                <column>RowCount</column>
            </chartSummary>
            <componentType>Bar</componentType>
            <displayUnits>Auto</displayUnits>
            <drillEnabled>false</drillEnabled>
            <drillToDetailEnabled>false</drillToDetailEnabled>
            <enableHover>true</enableHover>
            <expandOthers>false</expandOthers>
            <groupingColumn>FULL_NAME</groupingColumn>
            <legendPosition>Bottom</legendPosition>
            <report>Sales_Management/Opportunities_MTD_by_AE</report>
            <showPercentage>false</showPercentage>
            <showValues>true</showValues>
            <sortBy>RowValueDescending</sortBy>
            <title>Opportunities MTD by AE</title>
            <useReportChart>false</useReportChart>
        </components>
        <components>
            <autoselectColumnsFromReport>false</autoselectColumnsFromReport>
            <chartAxisRange>Auto</chartAxisRange>
            <chartSummary>
                <axisBinding>y</axisBinding>
                <column>RowCount</column>
            </chartSummary>
            <componentType>Bar</componentType>
            <displayUnits>Auto</displayUnits>
            <drillEnabled>false</drillEnabled>
            <drillToDetailEnabled>false</drillToDetailEnabled>
            <enableHover>true</enableHover>
            <expandOthers>false</expandOthers>
            <groupingColumn>FULL_NAME</groupingColumn>
            <legendPosition>Bottom</legendPosition>
            <report>Sales_Management/Loans_sent_to_Processing_YTD_by_AE</report>
            <showPercentage>false</showPercentage>
            <showValues>true</showValues>
            <sortBy>RowValueDescending</sortBy>
            <title>Loans STP YTD</title>
            <useReportChart>false</useReportChart>
        </components>
        <components>
            <autoselectColumnsFromReport>false</autoselectColumnsFromReport>
            <chartAxisRange>Auto</chartAxisRange>
            <chartSummary>
                <axisBinding>y</axisBinding>
                <column>RowCount</column>
            </chartSummary>
            <componentType>Bar</componentType>
            <displayUnits>Auto</displayUnits>
            <drillEnabled>false</drillEnabled>
            <drillToDetailEnabled>false</drillToDetailEnabled>
            <enableHover>true</enableHover>
            <expandOthers>false</expandOthers>
            <groupingColumn>FULL_NAME</groupingColumn>
            <legendPosition>Bottom</legendPosition>
            <report>Sales_Management/Appraisal_Invoice_Ordered_Paid_YTD_AE</report>
            <showPercentage>false</showPercentage>
            <showValues>true</showValues>
            <sortBy>RowValueDescending</sortBy>
            <title>Appraisal Invoices Ordered YTD</title>
            <useReportChart>false</useReportChart>
        </components>
        <components>
            <autoselectColumnsFromReport>true</autoselectColumnsFromReport>
            <chartAxisRange>Auto</chartAxisRange>
            <componentType>Bar</componentType>
            <displayUnits>Auto</displayUnits>
            <drillEnabled>false</drillEnabled>
            <drillToDetailEnabled>false</drillToDetailEnabled>
            <enableHover>true</enableHover>
            <expandOthers>false</expandOthers>
            <legendPosition>Bottom</legendPosition>
            <report>Sales_Management/Closed_Loans_YTD_AE</report>
            <showPercentage>false</showPercentage>
            <showValues>true</showValues>
            <sortBy>RowValueDescending</sortBy>
            <title>YTD closed Loans</title>
            <useReportChart>false</useReportChart>
        </components>
    </leftSection>
    <middleSection>
        <columnSize>Wide</columnSize>
        <components>
            <autoselectColumnsFromReport>false</autoselectColumnsFromReport>
            <chartAxisRange>Auto</chartAxisRange>
            <chartSummary>
                <aggregate>Sum</aggregate>
                <axisBinding>y</axisBinding>
                <column>Opportunity.Loan_Amount__c</column>
            </chartSummary>
            <componentType>Bar</componentType>
            <displayUnits>Millions</displayUnits>
            <drillEnabled>false</drillEnabled>
            <drillToDetailEnabled>false</drillToDetailEnabled>
            <enableHover>true</enableHover>
            <expandOthers>false</expandOthers>
            <groupingColumn>FULL_NAME</groupingColumn>
            <legendPosition>Bottom</legendPosition>
            <report>Sales_Management/Loans_sent_to_Processing_MTD</report>
            <showPercentage>false</showPercentage>
            <showValues>true</showValues>
            <sortBy>RowValueDescending</sortBy>
            <title>Loans STP MTD $</title>
            <useReportChart>false</useReportChart>
        </components>
        <components>
            <autoselectColumnsFromReport>true</autoselectColumnsFromReport>
            <chartAxisRange>Auto</chartAxisRange>
            <componentType>Bar</componentType>
            <displayUnits>Auto</displayUnits>
            <drillEnabled>false</drillEnabled>
            <drillToDetailEnabled>false</drillToDetailEnabled>
            <enableHover>true</enableHover>
            <expandOthers>false</expandOthers>
            <legendPosition>Bottom</legendPosition>
            <report>Sales_Management/Appraisal_Invoice_Ordered_Paid_AE</report>
            <showPercentage>false</showPercentage>
            <showValues>true</showValues>
            <sortBy>RowValueDescending</sortBy>
            <title>Appraisal Invoices Ordered MTD</title>
            <useReportChart>false</useReportChart>
        </components>
        <components>
            <autoselectColumnsFromReport>true</autoselectColumnsFromReport>
            <chartAxisRange>Auto</chartAxisRange>
            <componentType>Bar</componentType>
            <displayUnits>Auto</displayUnits>
            <drillEnabled>false</drillEnabled>
            <drillToDetailEnabled>false</drillToDetailEnabled>
            <enableHover>true</enableHover>
            <expandOthers>false</expandOthers>
            <legendPosition>Bottom</legendPosition>
            <report>Sales_Management/Opportunities_MTD_AE</report>
            <showPercentage>false</showPercentage>
            <showValues>true</showValues>
            <sortBy>RowValueDescending</sortBy>
            <title>Opportunities MTD $</title>
            <useReportChart>false</useReportChart>
        </components>
        <components>
            <autoselectColumnsFromReport>true</autoselectColumnsFromReport>
            <chartAxisRange>Auto</chartAxisRange>
            <componentType>Bar</componentType>
            <displayUnits>Auto</displayUnits>
            <drillEnabled>false</drillEnabled>
            <drillToDetailEnabled>false</drillToDetailEnabled>
            <enableHover>true</enableHover>
            <expandOthers>false</expandOthers>
            <legendPosition>Bottom</legendPosition>
            <report>Sales_Management/Loans_sent_to_Processing_YTD_by_AE</report>
            <showPercentage>false</showPercentage>
            <showValues>true</showValues>
            <sortBy>RowValueDescending</sortBy>
            <title>Loans STP YTD $</title>
            <useReportChart>false</useReportChart>
        </components>
        <components>
            <autoselectColumnsFromReport>true</autoselectColumnsFromReport>
            <chartAxisRange>Auto</chartAxisRange>
            <componentType>Bar</componentType>
            <displayUnits>Auto</displayUnits>
            <drillEnabled>false</drillEnabled>
            <drillToDetailEnabled>false</drillToDetailEnabled>
            <enableHover>true</enableHover>
            <expandOthers>false</expandOthers>
            <legendPosition>Bottom</legendPosition>
            <report>Sales_Management/Appraisal_Invoice_Ordered_Paid_YTD_AE</report>
            <showPercentage>false</showPercentage>
            <showValues>true</showValues>
            <sortBy>RowValueDescending</sortBy>
            <title>Appraisal Invoices Ordered YTD $</title>
            <useReportChart>false</useReportChart>
        </components>
        <components>
            <autoselectColumnsFromReport>false</autoselectColumnsFromReport>
            <chartAxisRange>Auto</chartAxisRange>
            <chartSummary>
                <axisBinding>y</axisBinding>
                <column>RowCount</column>
            </chartSummary>
            <componentType>Bar</componentType>
            <displayUnits>Auto</displayUnits>
            <drillEnabled>false</drillEnabled>
            <drillToDetailEnabled>false</drillToDetailEnabled>
            <enableHover>true</enableHover>
            <expandOthers>false</expandOthers>
            <groupingColumn>FULL_NAME</groupingColumn>
            <legendPosition>Bottom</legendPosition>
            <report>Sales_Management/Closed_Loans_YTD_AE</report>
            <showPercentage>false</showPercentage>
            <showValues>true</showValues>
            <sortBy>RowValueDescending</sortBy>
            <title>YTD closed Loans</title>
            <useReportChart>false</useReportChart>
        </components>
    </middleSection>
    <rightSection>
        <columnSize>Wide</columnSize>
        <components>
            <autoselectColumnsFromReport>false</autoselectColumnsFromReport>
            <chartAxisRange>Auto</chartAxisRange>
            <chartSummary>
                <aggregate>Average</aggregate>
                <axisBinding>y</axisBinding>
                <column>Opportunity.Loan_Amount__c</column>
            </chartSummary>
            <componentType>Bar</componentType>
            <displayUnits>Auto</displayUnits>
            <drillEnabled>false</drillEnabled>
            <drillToDetailEnabled>false</drillToDetailEnabled>
            <enableHover>true</enableHover>
            <expandOthers>false</expandOthers>
            <groupingColumn>FULL_NAME</groupingColumn>
            <legendPosition>Bottom</legendPosition>
            <report>Sales_Management/Loans_sent_to_Processing_MTD</report>
            <showPercentage>false</showPercentage>
            <showValues>true</showValues>
            <sortBy>RowValueDescending</sortBy>
            <title>Average Loan Amount STP MTD</title>
            <useReportChart>false</useReportChart>
        </components>
        <components>
            <autoselectColumnsFromReport>false</autoselectColumnsFromReport>
            <chartAxisRange>Auto</chartAxisRange>
            <chartSummary>
                <axisBinding>y</axisBinding>
                <column>RowCount</column>
            </chartSummary>
            <componentType>Bar</componentType>
            <displayUnits>Auto</displayUnits>
            <drillEnabled>false</drillEnabled>
            <drillToDetailEnabled>false</drillToDetailEnabled>
            <enableHover>true</enableHover>
            <expandOthers>false</expandOthers>
            <groupingColumn>FULL_NAME</groupingColumn>
            <legendPosition>Bottom</legendPosition>
            <report>unfiled$public/Appraisal_ordered_and_Not_in_Processing</report>
            <showPercentage>false</showPercentage>
            <showValues>true</showValues>
            <sortBy>RowValueDescending</sortBy>
            <title>Appraisal Ordered not in Processing</title>
            <useReportChart>false</useReportChart>
        </components>
        <components>
            <autoselectColumnsFromReport>false</autoselectColumnsFromReport>
            <chartAxisRange>Auto</chartAxisRange>
            <chartSummary>
                <axisBinding>y</axisBinding>
                <column>RowCount</column>
            </chartSummary>
            <componentType>Bar</componentType>
            <displayUnits>Auto</displayUnits>
            <drillEnabled>false</drillEnabled>
            <drillToDetailEnabled>false</drillToDetailEnabled>
            <enableHover>true</enableHover>
            <expandOthers>false</expandOthers>
            <groupingColumn>FULL_NAME</groupingColumn>
            <legendPosition>Bottom</legendPosition>
            <report>Sales_Management/Opportunities_YTD_AE</report>
            <showPercentage>false</showPercentage>
            <showValues>true</showValues>
            <sortBy>RowValueDescending</sortBy>
            <title>Opportunities YTD</title>
            <useReportChart>false</useReportChart>
        </components>
    </rightSection>
    <runningUser>jeremy.montgomery@visiolending.com</runningUser>
    <textColor>#000000</textColor>
    <title>YTD by AE</title>
    <titleColor>#000000</titleColor>
    <titleSize>12</titleSize>
</Dashboard>
