<?xml version="1.0" encoding="UTF-8"?>
<FlexiPage xmlns="http://soap.sforce.com/2006/04/metadata">
    <flexiPageRegions>
        <componentInstances>
            <componentInstanceProperties>
                <name>collapsed</name>
                <value>false</value>
            </componentInstanceProperties>
            <componentInstanceProperties>
                <name>numVisibleActions</name>
                <value>10</value>
            </componentInstanceProperties>
            <componentName>force:highlightsPanel</componentName>
        </componentInstances>
        <mode>Replace</mode>
        <name>header</name>
        <type>Region</type>
    </flexiPageRegions>
    <flexiPageRegions>
        <componentInstances>
            <componentName>force:detailPanel</componentName>
        </componentInstances>
        <mode>Replace</mode>
        <name>detailTabContent</name>
        <type>Facet</type>
    </flexiPageRegions>
    <flexiPageRegions>
        <componentInstances>
            <componentInstanceProperties>
                <name>body</name>
                <value>detailTabContent</value>
            </componentInstanceProperties>
            <componentInstanceProperties>
                <name>title</name>
                <value>Standard.Tab.detail</value>
            </componentInstanceProperties>
            <componentName>flexipage:tab</componentName>
        </componentInstances>
        <mode>Replace</mode>
        <name>maintabs</name>
        <type>Facet</type>
    </flexiPageRegions>
    <flexiPageRegions>
        <componentInstances>
            <componentInstanceProperties>
                <name>tabs</name>
                <value>maintabs</value>
            </componentInstanceProperties>
            <componentName>flexipage:tabset</componentName>
        </componentInstances>
        <mode>Replace</mode>
        <name>main</name>
        <type>Region</type>
    </flexiPageRegions>
    <flexiPageRegions>
        <componentInstances>
            <componentName>force:relatedListQuickLinksContainer</componentName>
        </componentInstances>
        <name>subheader</name>
        <type>Region</type>
    </flexiPageRegions>
    <flexiPageRegions>
        <componentInstances>
            <componentInstanceProperties>
                <name>relatedListComponentOverride</name>
                <value>NONE</value>
            </componentInstanceProperties>
            <componentName>force:relatedListContainer</componentName>
        </componentInstances>
        <name>Facet-8df3b95b-5366-479c-bd39-ba8bfbd65c3b</name>
        <type>Facet</type>
    </flexiPageRegions>
    <flexiPageRegions>
        <componentInstances>
            <componentInstanceProperties>
                <name>active</name>
                <value>true</value>
            </componentInstanceProperties>
            <componentInstanceProperties>
                <name>body</name>
                <value>Facet-8df3b95b-5366-479c-bd39-ba8bfbd65c3b</value>
            </componentInstanceProperties>
            <componentInstanceProperties>
                <name>title</name>
                <value>Standard.Tab.relatedLists</value>
            </componentInstanceProperties>
            <componentName>flexipage:tab</componentName>
        </componentInstances>
        <name>Facet-257b7b2e-1429-474d-a399-c30c7a0aaef3</name>
        <type>Facet</type>
    </flexiPageRegions>
    <flexiPageRegions>
        <componentInstances>
            <componentName>runtime_sales_activities:activityPanel</componentName>
        </componentInstances>
        <componentInstances>
            <componentInstanceProperties>
                <name>tabs</name>
                <value>Facet-257b7b2e-1429-474d-a399-c30c7a0aaef3</value>
            </componentInstanceProperties>
            <componentName>flexipage:tabset</componentName>
        </componentInstances>
        <mode>Replace</mode>
        <name>sidebar</name>
        <type>Region</type>
    </flexiPageRegions>
    <masterLabel>Campaign Record Page</masterLabel>
    <parentFlexiPage>runtime_sales_campaign__Campaign_rec_L_s</parentFlexiPage>
    <sobjectType>Campaign</sobjectType>
    <template>
        <name>flexipage:recordHomeWithSubheaderTemplateDesktop</name>
    </template>
    <type>RecordPage</type>
</FlexiPage>
