<?xml version="1.0" encoding="UTF-8"?>
<FlexiPage xmlns="http://soap.sforce.com/2006/04/metadata">
    <flexiPageRegions>
        <componentInstances>
            <componentInstanceProperties>
                <name>collapsed</name>
                <value>false</value>
            </componentInstanceProperties>
            <componentInstanceProperties>
                <name>hideChatterActions</name>
                <value>false</value>
            </componentInstanceProperties>
            <componentInstanceProperties>
                <name>numVisibleActions</name>
                <value>10</value>
            </componentInstanceProperties>
            <componentName>force:highlightsPanel</componentName>
        </componentInstances>
        <mode>Replace</mode>
        <name>header</name>
        <type>Region</type>
    </flexiPageRegions>
    <flexiPageRegions>
        <componentInstances>
            <componentName>force:detailPanel</componentName>
        </componentInstances>
        <mode>Replace</mode>
        <name>detailTabContent</name>
        <type>Facet</type>
    </flexiPageRegions>
    <flexiPageRegions>
        <componentInstances>
            <componentInstanceProperties>
                <name>height</name>
                <value>600</value>
            </componentInstanceProperties>
            <componentInstanceProperties>
                <name>pageName</name>
                <value>tdc_tsw__Contact_SMS_Conversation</value>
            </componentInstanceProperties>
            <componentInstanceProperties>
                <name>showLabel</name>
                <value>false</value>
            </componentInstanceProperties>
            <componentName>flexipage:visualforcePage</componentName>
        </componentInstances>
        <name>Facet-f9c9515a-3dba-4aed-9d3a-8093fbc0a9de</name>
        <type>Facet</type>
    </flexiPageRegions>
    <flexiPageRegions>
        <componentInstances>
            <componentInstanceProperties>
                <name>body</name>
                <value>detailTabContent</value>
            </componentInstanceProperties>
            <componentInstanceProperties>
                <name>title</name>
                <value>Standard.Tab.detail</value>
            </componentInstanceProperties>
            <componentName>flexipage:tab</componentName>
        </componentInstances>
        <componentInstances>
            <componentInstanceProperties>
                <name>body</name>
                <value>Facet-f9c9515a-3dba-4aed-9d3a-8093fbc0a9de</value>
            </componentInstanceProperties>
            <componentInstanceProperties>
                <name>title</name>
                <value>SMS</value>
            </componentInstanceProperties>
            <componentName>flexipage:tab</componentName>
        </componentInstances>
        <mode>Replace</mode>
        <name>maintabs</name>
        <type>Facet</type>
    </flexiPageRegions>
    <flexiPageRegions>
        <componentInstances>
            <componentInstanceProperties>
                <name>hideHeader</name>
                <value>false</value>
            </componentInstanceProperties>
            <componentName>force:relatedListQuickLinksContainer</componentName>
        </componentInstances>
        <componentInstances>
            <componentInstanceProperties>
                <name>tabs</name>
                <value>maintabs</value>
            </componentInstanceProperties>
            <componentName>flexipage:tabset</componentName>
        </componentInstances>
        <mode>Replace</mode>
        <name>main</name>
        <type>Region</type>
    </flexiPageRegions>
    <flexiPageRegions>
        <componentInstances>
            <componentName>runtime_sales_activities:activityPanel</componentName>
        </componentInstances>
        <mode>Replace</mode>
        <name>activityTabContent</name>
        <type>Facet</type>
    </flexiPageRegions>
    <flexiPageRegions>
        <componentInstances>
            <componentInstanceProperties>
                <name>active</name>
                <value>true</value>
            </componentInstanceProperties>
            <componentInstanceProperties>
                <name>body</name>
                <value>activityTabContent</value>
            </componentInstanceProperties>
            <componentInstanceProperties>
                <name>title</name>
                <value>Standard.Tab.activity</value>
            </componentInstanceProperties>
            <componentName>flexipage:tab</componentName>
        </componentInstances>
        <mode>Replace</mode>
        <name>sidebartabs</name>
        <type>Facet</type>
    </flexiPageRegions>
    <flexiPageRegions>
        <componentInstances>
            <componentInstanceProperties>
                <name>height</name>
                <value>500</value>
            </componentInstanceProperties>
            <componentInstanceProperties>
                <name>pageName</name>
                <value>tdc_tsw__Contact_SMS_Conversation</value>
            </componentInstanceProperties>
            <componentInstanceProperties>
                <name>showLabel</name>
                <value>true</value>
            </componentInstanceProperties>
            <componentName>flexipage:visualforcePage</componentName>
        </componentInstances>
        <componentInstances>
            <componentInstanceProperties>
                <name>flowArguments</name>
                <value>[{&quot;label&quot;:&quot;extContactId&quot;,&quot;dataType&quot;:&quot;String&quot;,&quot;supportsRecordId&quot;:true,&quot;value&quot;:&quot;{!Record.Id}&quot;}]</value>
            </componentInstanceProperties>
            <componentInstanceProperties>
                <name>flowLayout</name>
                <value>oneColumn</value>
            </componentInstanceProperties>
            <componentInstanceProperties>
                <name>flowName</name>
                <value>Main_Flow_Address_Management</value>
            </componentInstanceProperties>
            <componentName>flowruntime:interview</componentName>
        </componentInstances>
        <componentInstances>
            <componentInstanceProperties>
                <name>displayOption</name>
                <value>BOTH</value>
            </componentInstanceProperties>
            <componentName>runtime_sales_merge:mergeCandidatesPreviewCard</componentName>
        </componentInstances>
        <componentInstances>
            <componentInstanceProperties>
                <name>tabs</name>
                <value>sidebartabs</value>
            </componentInstanceProperties>
            <componentName>flexipage:tabset</componentName>
        </componentInstances>
        <componentInstances>
            <componentInstanceProperties>
                <name>relatedListComponentOverride</name>
                <value>NONE</value>
            </componentInstanceProperties>
            <componentName>force:relatedListContainer</componentName>
        </componentInstances>
        <mode>Replace</mode>
        <name>sidebar</name>
        <type>Region</type>
    </flexiPageRegions>
    <masterLabel>Contact Record Page</masterLabel>
    <parentFlexiPage>sfa__Contact_rec_L</parentFlexiPage>
    <sobjectType>Contact</sobjectType>
    <template>
        <name>flexipage:recordHomeTemplateDesktop</name>
    </template>
    <type>RecordPage</type>
</FlexiPage>
