<?xml version="1.0" encoding="UTF-8"?>
<FlexiPage xmlns="http://soap.sforce.com/2006/04/metadata">
    <flexiPageRegions>
        <componentInstances>
            <componentInstanceProperties>
                <name>collapsed</name>
                <value>false</value>
            </componentInstanceProperties>
            <componentInstanceProperties>
                <name>numVisibleActions</name>
                <value>3</value>
            </componentInstanceProperties>
            <componentName>force:highlightsPanel</componentName>
        </componentInstances>
        <componentInstances>
            <componentName>force:relatedListQuickLinksContainer</componentName>
        </componentInstances>
        <name>header</name>
        <type>Region</type>
    </flexiPageRegions>
    <flexiPageRegions>
        <componentInstances>
            <componentInstanceProperties>
                <name>relatedListComponentOverride</name>
                <value>NONE</value>
            </componentInstanceProperties>
            <componentName>force:relatedListContainer</componentName>
        </componentInstances>
        <name>Facet-3cb793c7-caae-472b-aad7-7f796fafee4a</name>
        <type>Facet</type>
    </flexiPageRegions>
    <flexiPageRegions>
        <componentInstances>
            <componentName>force:detailPanel</componentName>
        </componentInstances>
        <name>Facet-3e3c976c-1a59-4df7-8d2b-a6ebad5703a5</name>
        <type>Facet</type>
    </flexiPageRegions>
    <flexiPageRegions>
        <componentInstances>
            <componentInstanceProperties>
                <name>height</name>
                <value>800</value>
            </componentInstanceProperties>
            <componentInstanceProperties>
                <name>label</name>
            </componentInstanceProperties>
            <componentInstanceProperties>
                <name>pageName</name>
                <value>Visio_Credit_Analysis_Data_Display</value>
            </componentInstanceProperties>
            <componentName>flexipage:visualforcePage</componentName>
        </componentInstances>
        <name>Facet-a9b43acb-9e27-4a67-a50d-e8838da72d94</name>
        <type>Facet</type>
    </flexiPageRegions>
    <flexiPageRegions>
        <componentInstances>
            <componentInstanceProperties>
                <name>active</name>
                <value>false</value>
            </componentInstanceProperties>
            <componentInstanceProperties>
                <name>body</name>
                <value>Facet-3cb793c7-caae-472b-aad7-7f796fafee4a</value>
            </componentInstanceProperties>
            <componentInstanceProperties>
                <name>title</name>
                <value>Standard.Tab.detail</value>
            </componentInstanceProperties>
            <componentName>flexipage:tab</componentName>
        </componentInstances>
        <componentInstances>
            <componentInstanceProperties>
                <name>active</name>
                <value>true</value>
            </componentInstanceProperties>
            <componentInstanceProperties>
                <name>body</name>
                <value>Facet-3e3c976c-1a59-4df7-8d2b-a6ebad5703a5</value>
            </componentInstanceProperties>
            <componentInstanceProperties>
                <name>title</name>
                <value>Results</value>
            </componentInstanceProperties>
            <componentName>flexipage:tab</componentName>
        </componentInstances>
        <componentInstances>
            <componentInstanceProperties>
                <name>body</name>
                <value>Facet-a9b43acb-9e27-4a67-a50d-e8838da72d94</value>
            </componentInstanceProperties>
            <componentInstanceProperties>
                <name>title</name>
                <value>Summary</value>
            </componentInstanceProperties>
            <componentName>flexipage:tab</componentName>
        </componentInstances>
        <name>Facet-8f8b14cb-8ac3-43b6-8284-98dbab135e90</name>
        <type>Facet</type>
    </flexiPageRegions>
    <flexiPageRegions>
        <componentInstances>
            <componentInstanceProperties>
                <name>tabs</name>
                <value>Facet-8f8b14cb-8ac3-43b6-8284-98dbab135e90</value>
            </componentInstanceProperties>
            <componentName>flexipage:tabset</componentName>
        </componentInstances>
        <name>main</name>
        <type>Region</type>
    </flexiPageRegions>
    <masterLabel>Credit Analysis with Alerts</masterLabel>
    <sobjectType>Credit_Analysis_Guideline_Result__c</sobjectType>
    <template>
        <name>flexipage:recordHomeSingleColTemplateDesktop</name>
    </template>
    <type>RecordPage</type>
</FlexiPage>
