<?xml version="1.0" encoding="UTF-8"?>
<FlexiPage xmlns="http://soap.sforce.com/2006/04/metadata">
    <flexiPageRegions>
        <componentInstances>
            <componentInstanceProperties>
                <name>collapsed</name>
                <value>false</value>
            </componentInstanceProperties>
            <componentInstanceProperties>
                <name>numVisibleActions</name>
                <value>10</value>
            </componentInstanceProperties>
            <componentName>force:highlightsPanel</componentName>
        </componentInstances>
        <mode>Replace</mode>
        <name>header</name>
        <type>Region</type>
    </flexiPageRegions>
    <flexiPageRegions>
        <componentInstances>
            <componentName>force:detailPanel</componentName>
        </componentInstances>
        <mode>Replace</mode>
        <name>detailTabContent</name>
        <type>Facet</type>
    </flexiPageRegions>
    <flexiPageRegions>
        <componentInstances>
            <componentInstanceProperties>
                <name>active</name>
                <value>true</value>
            </componentInstanceProperties>
            <componentInstanceProperties>
                <name>body</name>
                <value>detailTabContent</value>
            </componentInstanceProperties>
            <componentInstanceProperties>
                <name>title</name>
                <value>Standard.Tab.detail</value>
            </componentInstanceProperties>
            <componentName>flexipage:tab</componentName>
        </componentInstances>
        <mode>Replace</mode>
        <name>maintabs</name>
        <type>Facet</type>
    </flexiPageRegions>
    <flexiPageRegions>
        <componentInstances>
            <componentInstanceProperties>
                <name>tabs</name>
                <value>maintabs</value>
            </componentInstanceProperties>
            <componentName>flexipage:tabset</componentName>
        </componentInstances>
        <componentInstances>
            <componentInstanceProperties>
                <name>relatedListComponentOverride</name>
                <value>NONE</value>
            </componentInstanceProperties>
            <componentName>force:relatedListContainer</componentName>
        </componentInstances>
        <mode>Replace</mode>
        <name>main</name>
        <type>Region</type>
    </flexiPageRegions>
    <flexiPageRegions>
        <componentInstances>
            <componentName>runtime_sales_activities:activityPanel</componentName>
        </componentInstances>
        <mode>Replace</mode>
        <name>activityTabContent</name>
        <type>Facet</type>
    </flexiPageRegions>
    <flexiPageRegions>
        <componentInstances>
            <componentName>forceChatter:recordFeedContainer</componentName>
        </componentInstances>
        <mode>Replace</mode>
        <name>feedTabContent</name>
        <type>Facet</type>
    </flexiPageRegions>
    <flexiPageRegions>
        <componentInstances>
            <componentInstanceProperties>
                <name>active</name>
                <value>true</value>
            </componentInstanceProperties>
            <componentInstanceProperties>
                <name>body</name>
                <value>activityTabContent</value>
            </componentInstanceProperties>
            <componentInstanceProperties>
                <name>title</name>
                <value>Standard.Tab.activity</value>
            </componentInstanceProperties>
            <componentName>flexipage:tab</componentName>
        </componentInstances>
        <componentInstances>
            <componentInstanceProperties>
                <name>body</name>
                <value>feedTabContent</value>
            </componentInstanceProperties>
            <componentInstanceProperties>
                <name>title</name>
                <value>Standard.Tab.collaborate</value>
            </componentInstanceProperties>
            <componentName>flexipage:tab</componentName>
        </componentInstances>
        <mode>Replace</mode>
        <name>sidebartabs</name>
        <type>Facet</type>
    </flexiPageRegions>
    <flexiPageRegions>
        <componentInstances>
            <componentInstanceProperties>
                <name>tabs</name>
                <value>sidebartabs</value>
            </componentInstanceProperties>
            <componentName>flexipage:tabset</componentName>
        </componentInstances>
        <mode>Replace</mode>
        <name>sidebar</name>
        <type>Region</type>
    </flexiPageRegions>
    <masterLabel>Inquiries Record Page</masterLabel>
    <parentFlexiPage>flexipage__default_rec_L</parentFlexiPage>
    <sobjectType>LASERCA__Inquiries__c</sobjectType>
    <template>
        <name>flexipage:recordHomeTemplateDesktop</name>
    </template>
    <type>RecordPage</type>
</FlexiPage>
