<?xml version="1.0" encoding="UTF-8"?>
<FlexiPage xmlns="http://soap.sforce.com/2006/04/metadata">
    <flexiPageRegions>
        <componentInstances>
            <componentInstanceProperties>
                <name>collapsed</name>
                <value>false</value>
            </componentInstanceProperties>
            <componentInstanceProperties>
                <name>hideChatterActions</name>
                <value>false</value>
            </componentInstanceProperties>
            <componentInstanceProperties>
                <name>numVisibleActions</name>
                <value>10</value>
            </componentInstanceProperties>
            <componentName>force:highlightsPanel</componentName>
        </componentInstances>
        <mode>Replace</mode>
        <name>header</name>
        <type>Region</type>
    </flexiPageRegions>
    <flexiPageRegions>
        <componentInstances>
            <componentInstanceProperties>
                <name>hideHeader</name>
                <value>false</value>
            </componentInstanceProperties>
            <componentName>force:relatedListQuickLinksContainer</componentName>
        </componentInstances>
        <componentInstances>
            <componentInstanceProperties>
                <name>hideUpdateButton</name>
                <value>false</value>
            </componentInstanceProperties>
            <componentName>runtime_sales_lead:pathAssistant</componentName>
        </componentInstances>
        <mode>Replace</mode>
        <name>subheader</name>
        <type>Region</type>
    </flexiPageRegions>
    <flexiPageRegions>
        <componentInstances>
            <componentName>force:detailPanel</componentName>
        </componentInstances>
        <name>Facet-14c923aa-ac7a-4620-98c4-406652c6698a</name>
        <type>Facet</type>
    </flexiPageRegions>
    <flexiPageRegions>
        <componentInstances>
            <componentInstanceProperties>
                <name>height</name>
                <value>600</value>
            </componentInstanceProperties>
            <componentInstanceProperties>
                <name>pageName</name>
                <value>tdc_tsw__Lead_SMS_Conversation</value>
            </componentInstanceProperties>
            <componentInstanceProperties>
                <name>showLabel</name>
                <value>false</value>
            </componentInstanceProperties>
            <componentName>flexipage:visualforcePage</componentName>
        </componentInstances>
        <name>Facet-c5304d4a-e1ae-4738-b9e0-2b4c5a894d43</name>
        <type>Facet</type>
    </flexiPageRegions>
    <flexiPageRegions>
        <componentInstances>
            <componentInstanceProperties>
                <name>body</name>
                <value>Facet-14c923aa-ac7a-4620-98c4-406652c6698a</value>
            </componentInstanceProperties>
            <componentInstanceProperties>
                <name>title</name>
                <value>Standard.Tab.detail</value>
            </componentInstanceProperties>
            <componentName>flexipage:tab</componentName>
        </componentInstances>
        <componentInstances>
            <componentInstanceProperties>
                <name>body</name>
                <value>Facet-c5304d4a-e1ae-4738-b9e0-2b4c5a894d43</value>
            </componentInstanceProperties>
            <componentInstanceProperties>
                <name>title</name>
                <value>SMS</value>
            </componentInstanceProperties>
            <componentName>flexipage:tab</componentName>
        </componentInstances>
        <name>Facet-6c1762ba-5c40-4276-a940-94ae874dd803</name>
        <type>Facet</type>
    </flexiPageRegions>
    <flexiPageRegions>
        <componentInstances>
            <componentInstanceProperties>
                <name>tabs</name>
                <value>Facet-6c1762ba-5c40-4276-a940-94ae874dd803</value>
            </componentInstanceProperties>
            <componentName>flexipage:tabset</componentName>
        </componentInstances>
        <mode>Replace</mode>
        <name>main</name>
        <type>Region</type>
    </flexiPageRegions>
    <flexiPageRegions>
        <componentInstances>
            <componentName>runtime_sales_activities:activityPanel</componentName>
        </componentInstances>
        <name>Facet-fa785124-3afb-435b-9704-96c3ff62a093</name>
        <type>Facet</type>
    </flexiPageRegions>
    <flexiPageRegions>
        <componentInstances>
            <componentInstanceProperties>
                <name>active</name>
                <value>true</value>
            </componentInstanceProperties>
            <componentInstanceProperties>
                <name>body</name>
                <value>Facet-fa785124-3afb-435b-9704-96c3ff62a093</value>
            </componentInstanceProperties>
            <componentInstanceProperties>
                <name>title</name>
                <value>Standard.Tab.activity</value>
            </componentInstanceProperties>
            <componentName>flexipage:tab</componentName>
        </componentInstances>
        <name>Facet-441eefa2-fa37-4870-9c76-e6c918aac263</name>
        <type>Facet</type>
    </flexiPageRegions>
    <flexiPageRegions>
        <componentInstances>
            <componentInstanceProperties>
                <name>displayOption</name>
                <value>BOTH</value>
            </componentInstanceProperties>
            <componentName>runtime_sales_merge:mergeCandidatesPreviewCard</componentName>
        </componentInstances>
        <componentInstances>
            <componentInstanceProperties>
                <name>tabs</name>
                <value>Facet-441eefa2-fa37-4870-9c76-e6c918aac263</value>
            </componentInstanceProperties>
            <componentName>flexipage:tabset</componentName>
        </componentInstances>
        <componentInstances>
            <componentInstanceProperties>
                <name>relatedListComponentOverride</name>
                <value>NONE</value>
            </componentInstanceProperties>
            <componentInstanceProperties>
                <name>rowsToDisplay</name>
                <value>10</value>
            </componentInstanceProperties>
            <componentInstanceProperties>
                <name>showActionBar</name>
                <value>true</value>
            </componentInstanceProperties>
            <componentName>force:relatedListContainer</componentName>
        </componentInstances>
        <mode>Replace</mode>
        <name>sidebar</name>
        <type>Region</type>
    </flexiPageRegions>
    <masterLabel>Lead Record Page</masterLabel>
    <parentFlexiPage>runtime_sales_lead__Lead_rec_L</parentFlexiPage>
    <sobjectType>Lead</sobjectType>
    <template>
        <name>flexipage:recordHomeWithSubheaderTemplateDesktop</name>
    </template>
    <type>RecordPage</type>
</FlexiPage>
