<?xml version="1.0" encoding="UTF-8"?>
<FlexiPage xmlns="http://soap.sforce.com/2006/04/metadata">
    <flexiPageRegions>
        <componentInstances>
            <componentInstanceProperties>
                <name>collapsed</name>
                <value>false</value>
            </componentInstanceProperties>
            <componentInstanceProperties>
                <name>numVisibleActions</name>
                <value>10</value>
            </componentInstanceProperties>
            <componentName>force:highlightsPanel</componentName>
        </componentInstances>
        <componentInstances>
            <componentName>force:relatedListQuickLinksContainer</componentName>
        </componentInstances>
        <mode>Replace</mode>
        <name>header</name>
        <type>Region</type>
    </flexiPageRegions>
    <flexiPageRegions>
        <componentInstances>
            <componentInstanceProperties>
                <name>hideUpdateButton</name>
                <value>false</value>
            </componentInstanceProperties>
            <componentName>runtime_sales_pathassistant:pathAssistant</componentName>
        </componentInstances>
        <mode>Replace</mode>
        <name>subheader</name>
        <type>Region</type>
    </flexiPageRegions>
    <flexiPageRegions>
        <componentInstances>
            <componentName>force:detailPanel</componentName>
        </componentInstances>
        <mode>Replace</mode>
        <name>main</name>
        <type>Region</type>
    </flexiPageRegions>
    <flexiPageRegions>
        <componentInstances>
            <componentName>runtime_sales_activities:activityPanel</componentName>
        </componentInstances>
        <name>Facet-cbde4b41-1d07-443f-9e2b-12814c2ad7b1</name>
        <type>Facet</type>
    </flexiPageRegions>
    <flexiPageRegions>
        <componentInstances>
            <componentInstanceProperties>
                <name>active</name>
                <value>true</value>
            </componentInstanceProperties>
            <componentInstanceProperties>
                <name>body</name>
                <value>Facet-cbde4b41-1d07-443f-9e2b-12814c2ad7b1</value>
            </componentInstanceProperties>
            <componentInstanceProperties>
                <name>title</name>
                <value>Standard.Tab.activity</value>
            </componentInstanceProperties>
            <componentName>flexipage:tab</componentName>
        </componentInstances>
        <name>Facet-75d362cd-e914-4db4-9852-74069b9fc34a</name>
        <type>Facet</type>
    </flexiPageRegions>
    <flexiPageRegions>
        <componentInstances>
            <componentInstanceProperties>
                <name>flowArguments</name>
                <value>[{&quot;label&quot;:&quot;LoanId&quot;,&quot;dataType&quot;:&quot;String&quot;,&quot;supportsRecordId&quot;:true,&quot;value&quot;:&quot;{!Record.Id}&quot;}]</value>
            </componentInstanceProperties>
            <componentInstanceProperties>
                <name>flowLayout</name>
                <value>oneColumn</value>
            </componentInstanceProperties>
            <componentInstanceProperties>
                <name>flowName</name>
                <value>Main_Valuation_Process_Flow</value>
            </componentInstanceProperties>
            <componentName>flowruntime:interview</componentName>
        </componentInstances>
        <componentInstances>
            <componentInstanceProperties>
                <name>lookupFieldName</name>
                <value>Current_Active_Valuation__c</value>
            </componentInstanceProperties>
            <componentInstanceProperties>
                <name>titleFieldName</name>
                <value>Appraisal Details from Valuation</value>
            </componentInstanceProperties>
            <componentInstanceProperties>
                <name>updateQuickActionName</name>
                <value>Valuation__c.Valuation_Detail_Loan_UP</value>
            </componentInstanceProperties>
            <componentName>console:relatedRecord</componentName>
        </componentInstances>
        <componentInstances>
            <componentInstanceProperties>
                <name>lookupFieldName</name>
                <value>Current_Active_Valuation__c</value>
            </componentInstanceProperties>
            <componentInstanceProperties>
                <name>titleFieldName</name>
                <value>Desk Review Details from Valuation</value>
            </componentInstanceProperties>
            <componentInstanceProperties>
                <name>updateQuickActionName</name>
                <value>Valuation__c.Desk_Review_Detail</value>
            </componentInstanceProperties>
            <componentName>console:relatedRecord</componentName>
        </componentInstances>
        <componentInstances>
            <componentInstanceProperties>
                <name>tabs</name>
                <value>Facet-75d362cd-e914-4db4-9852-74069b9fc34a</value>
            </componentInstanceProperties>
            <componentName>flexipage:tabset</componentName>
        </componentInstances>
        <componentInstances>
            <componentInstanceProperties>
                <name>parentFieldApiName</name>
                <value>Opportunity.Id</value>
            </componentInstanceProperties>
            <componentInstanceProperties>
                <name>relatedListApiName</name>
                <value>ActivityHistories</value>
            </componentInstanceProperties>
            <componentInstanceProperties>
                <name>relatedListComponentOverride</name>
                <value>NONE</value>
            </componentInstanceProperties>
            <componentName>force:relatedListSingleContainer</componentName>
        </componentInstances>
        <componentInstances>
            <componentInstanceProperties>
                <name>relatedListComponentOverride</name>
                <value>NONE</value>
            </componentInstanceProperties>
            <componentName>force:relatedListContainer</componentName>
        </componentInstances>
        <componentInstances>
            <componentInstanceProperties>
                <name>createQuickActionName</name>
                <value>NewOpportunity</value>
            </componentInstanceProperties>
            <componentInstanceProperties>
                <name>lookupFieldName</name>
                <value>Id</value>
            </componentInstanceProperties>
            <componentInstanceProperties>
                <name>titleFieldName</name>
                <value>Pre-Processing Criteria Fields</value>
            </componentInstanceProperties>
            <componentInstanceProperties>
                <name>updateQuickActionName</name>
                <value>Opportunity.Update_PreProcess_Criteria</value>
            </componentInstanceProperties>
            <componentName>console:relatedRecord</componentName>
        </componentInstances>
        <mode>Replace</mode>
        <name>sidebar</name>
        <type>Region</type>
    </flexiPageRegions>
    <masterLabel>Loan Record Page</masterLabel>
    <parentFlexiPage>sfa__Opportunity_rec_L</parentFlexiPage>
    <sobjectType>Opportunity</sobjectType>
    <template>
        <name>flexipage:recordHomeWithSubheaderTemplateDesktop</name>
    </template>
    <type>RecordPage</type>
</FlexiPage>
