<?xml version="1.0" encoding="UTF-8"?>
<FlexiPage xmlns="http://soap.sforce.com/2006/04/metadata">
    <flexiPageRegions>
        <componentInstances>
            <componentInstanceProperties>
                <name>collapsed</name>
                <value>false</value>
            </componentInstanceProperties>
            <componentInstanceProperties>
                <name>hideChatterActions</name>
                <value>false</value>
            </componentInstanceProperties>
            <componentInstanceProperties>
                <name>numVisibleActions</name>
                <value>3</value>
            </componentInstanceProperties>
            <componentName>force:highlightsPanel</componentName>
        </componentInstances>
        <componentInstances>
            <componentInstanceProperties>
                <name>hideUpdateButton</name>
                <value>false</value>
            </componentInstanceProperties>
            <componentInstanceProperties>
                <name>variant</name>
                <value>linear</value>
            </componentInstanceProperties>
            <componentName>runtime_sales_pathassistant:pathAssistant</componentName>
        </componentInstances>
        <componentInstances>
            <componentInstanceProperties>
                <name>hideHeader</name>
                <value>false</value>
            </componentInstanceProperties>
            <componentName>force:relatedListQuickLinksContainer</componentName>
        </componentInstances>
        <name>header</name>
        <type>Region</type>
    </flexiPageRegions>
    <flexiPageRegions>
        <componentInstances>
            <componentInstanceProperties>
                <name>createQuickActionName</name>
                <value>NewOpportunity</value>
            </componentInstanceProperties>
            <componentInstanceProperties>
                <name>lookupFieldName</name>
                <value>Id</value>
            </componentInstanceProperties>
            <componentInstanceProperties>
                <name>updateQuickActionName</name>
                <value>Opportunity.Rental360_update</value>
            </componentInstanceProperties>
            <componentName>console:relatedRecord</componentName>
        </componentInstances>
        <name>Facet-275d1669-c493-4701-8d9c-5bc362ab4e7d</name>
        <type>Facet</type>
    </flexiPageRegions>
    <flexiPageRegions>
        <componentInstances>
            <componentName>force:detailPanel</componentName>
        </componentInstances>
        <name>Facet-d8499ae2-154c-464f-bbc1-bf8446c5e856</name>
        <type>Facet</type>
    </flexiPageRegions>
    <flexiPageRegions>
        <componentInstances>
            <componentInstanceProperties>
                <name>relatedListComponentOverride</name>
                <value>NONE</value>
            </componentInstanceProperties>
            <componentInstanceProperties>
                <name>rowsToDisplay</name>
                <value>10</value>
            </componentInstanceProperties>
            <componentInstanceProperties>
                <name>showActionBar</name>
                <value>true</value>
            </componentInstanceProperties>
            <componentName>force:relatedListContainer</componentName>
        </componentInstances>
        <name>Facet-5e021ecd-1b0d-406a-be9e-960fadadb60a</name>
        <type>Facet</type>
    </flexiPageRegions>
    <flexiPageRegions>
        <componentInstances>
            <componentInstanceProperties>
                <name>body</name>
                <value>Facet-275d1669-c493-4701-8d9c-5bc362ab4e7d</value>
            </componentInstanceProperties>
            <componentInstanceProperties>
                <name>title</name>
                <value>Compact View</value>
            </componentInstanceProperties>
            <componentName>flexipage:tab</componentName>
        </componentInstances>
        <componentInstances>
            <componentInstanceProperties>
                <name>body</name>
                <value>Facet-d8499ae2-154c-464f-bbc1-bf8446c5e856</value>
            </componentInstanceProperties>
            <componentInstanceProperties>
                <name>title</name>
                <value>Full Loan Record</value>
            </componentInstanceProperties>
            <componentName>flexipage:tab</componentName>
        </componentInstances>
        <componentInstances>
            <componentInstanceProperties>
                <name>body</name>
                <value>Facet-5e021ecd-1b0d-406a-be9e-960fadadb60a</value>
            </componentInstanceProperties>
            <componentInstanceProperties>
                <name>title</name>
                <value>Related Records</value>
            </componentInstanceProperties>
            <componentName>flexipage:tab</componentName>
        </componentInstances>
        <name>Facet-43f905c5-f6aa-4e9e-854f-dcf98c4631bc</name>
        <type>Facet</type>
    </flexiPageRegions>
    <flexiPageRegions>
        <componentInstances>
            <componentInstanceProperties>
                <name>tabs</name>
                <value>Facet-43f905c5-f6aa-4e9e-854f-dcf98c4631bc</value>
            </componentInstanceProperties>
            <componentName>flexipage:tabset</componentName>
        </componentInstances>
        <name>main</name>
        <type>Region</type>
    </flexiPageRegions>
    <masterLabel>Power User Retail Loan</masterLabel>
    <sobjectType>Opportunity</sobjectType>
    <template>
        <name>flexipage:recordHomeSimpleViewTemplate</name>
    </template>
    <type>RecordPage</type>
</FlexiPage>
