<?xml version="1.0" encoding="UTF-8"?>
<FlexiPage xmlns="http://soap.sforce.com/2006/04/metadata">
    <flexiPageRegions>
        <componentInstances>
            <componentInstanceProperties>
                <name>collapsed</name>
                <value>false</value>
            </componentInstanceProperties>
            <componentInstanceProperties>
                <name>numVisibleActions</name>
                <value>3</value>
            </componentInstanceProperties>
            <componentName>force:highlightsPanel</componentName>
        </componentInstances>
        <name>header</name>
        <type>Region</type>
    </flexiPageRegions>
    <flexiPageRegions>
        <componentInstances>
            <componentName>force:detailPanel</componentName>
        </componentInstances>
        <name>main</name>
        <type>Region</type>
    </flexiPageRegions>
    <flexiPageRegions>
        <componentInstances>
            <componentInstanceProperties>
                <name>lookupFieldName</name>
                <value>QCR_Original_Result__c</value>
            </componentInstanceProperties>
            <componentInstanceProperties>
                <name>updateQuickActionName</name>
                <value>QC__c.QC_record</value>
            </componentInstanceProperties>
            <componentName>console:relatedRecord</componentName>
        </componentInstances>
        <componentInstances>
            <componentInstanceProperties>
                <name>parentFieldApiName</name>
                <value>QCReconsideration__c.Id</value>
            </componentInstanceProperties>
            <componentInstanceProperties>
                <name>relatedListApiName</name>
                <value>ActivityHistories</value>
            </componentInstanceProperties>
            <componentInstanceProperties>
                <name>relatedListComponentOverride</name>
                <value>NONE</value>
            </componentInstanceProperties>
            <componentName>force:relatedListSingleContainer</componentName>
        </componentInstances>
        <componentInstances>
            <componentInstanceProperties>
                <name>relatedListComponentOverride</name>
                <value>NONE</value>
            </componentInstanceProperties>
            <componentName>force:relatedListContainer</componentName>
        </componentInstances>
        <name>sidebar</name>
        <type>Region</type>
    </flexiPageRegions>
    <masterLabel>QC Reconsideration Record Page</masterLabel>
    <sobjectType>QCReconsideration__c</sobjectType>
    <template>
        <name>flexipage:recordHomeTemplateDesktop</name>
    </template>
    <type>RecordPage</type>
</FlexiPage>
