<?xml version="1.0" encoding="UTF-8"?>
<FlexiPage xmlns="http://soap.sforce.com/2006/04/metadata">
    <flexiPageRegions>
        <name>header</name>
        <type>Region</type>
    </flexiPageRegions>
    <flexiPageRegions>
        <componentInstances>
            <componentName>force:detailPanel</componentName>
        </componentInstances>
        <name>main</name>
        <type>Region</type>
    </flexiPageRegions>
    <masterLabel>User Profile - Default</masterLabel>
    <sobjectType>User</sobjectType>
    <template>
        <name>flexipage:recordHomeSimpleViewTemplate</name>
    </template>
    <type>RecordPage</type>
</FlexiPage>
