<?xml version="1.0" encoding="UTF-8"?>
<FlexiPage xmlns="http://soap.sforce.com/2006/04/metadata">
    <flexiPageRegions>
        <componentInstances>
            <componentInstanceProperties>
                <name>eager</name>
                <type>decorator</type>
                <value>true</value>
            </componentInstanceProperties>
            <componentInstanceProperties>
                <name>height</name>
                <type>decorator</type>
                <value>480</value>
            </componentInstanceProperties>
            <componentInstanceProperties>
                <name>icon</name>
                <type>decorator</type>
                <value>fallback</value>
            </componentInstanceProperties>
            <componentInstanceProperties>
                <name>label</name>
                <type>decorator</type>
                <value>Incoming_SMS_Alert</value>
            </componentInstanceProperties>
            <componentInstanceProperties>
                <name>scrollable</name>
                <type>decorator</type>
                <value>true</value>
            </componentInstanceProperties>
            <componentInstanceProperties>
                <name>width</name>
                <type>decorator</type>
                <value>340</value>
            </componentInstanceProperties>
            <componentName>tdc_tsw:Incoming_SMS_Alert</componentName>
        </componentInstances>
        <componentInstances>
            <componentInstanceProperties>
                <name>eager</name>
                <type>decorator</type>
                <value>true</value>
            </componentInstanceProperties>
            <componentInstanceProperties>
                <name>height</name>
                <type>decorator</type>
                <value>480</value>
            </componentInstanceProperties>
            <componentInstanceProperties>
                <name>icon</name>
                <type>decorator</type>
                <value>alert</value>
            </componentInstanceProperties>
            <componentInstanceProperties>
                <name>label</name>
                <type>decorator</type>
                <value>Open Leads</value>
            </componentInstanceProperties>
            <componentInstanceProperties>
                <name>scrollable</name>
                <type>decorator</type>
                <value>true</value>
            </componentInstanceProperties>
            <componentInstanceProperties>
                <name>width</name>
                <type>decorator</type>
                <value>340</value>
            </componentInstanceProperties>
            <componentName>openLeadsNotification</componentName>
        </componentInstances>
        <componentInstances>
            <componentInstanceProperties>
                <name>eager</name>
                <type>decorator</type>
                <value>true</value>
            </componentInstanceProperties>
            <componentInstanceProperties>
                <name>height</name>
                <type>decorator</type>
                <value>480</value>
            </componentInstanceProperties>
            <componentInstanceProperties>
                <name>icon</name>
                <type>decorator</type>
                <value>announcement</value>
            </componentInstanceProperties>
            <componentInstanceProperties>
                <name>label</name>
                <type>decorator</type>
                <value>Inbound Leads</value>
            </componentInstanceProperties>
            <componentInstanceProperties>
                <name>scrollable</name>
                <type>decorator</type>
                <value>true</value>
            </componentInstanceProperties>
            <componentInstanceProperties>
                <name>width</name>
                <type>decorator</type>
                <value>340</value>
            </componentInstanceProperties>
            <componentName>inboundLeadNotifications</componentName>
        </componentInstances>
        <componentInstances>
            <componentInstanceProperties>
                <name>eager</name>
                <type>decorator</type>
                <value>true</value>
            </componentInstanceProperties>
            <componentInstanceProperties>
                <name>height</name>
                <type>decorator</type>
                <value>480</value>
            </componentInstanceProperties>
            <componentInstanceProperties>
                <name>icon</name>
                <type>decorator</type>
                <value>call</value>
            </componentInstanceProperties>
            <componentInstanceProperties>
                <name>label</name>
                <type>decorator</type>
                <value>RingCentral</value>
            </componentInstanceProperties>
            <componentInstanceProperties>
                <name>scrollable</name>
                <type>decorator</type>
                <value>true</value>
            </componentInstanceProperties>
            <componentInstanceProperties>
                <name>width</name>
                <type>decorator</type>
                <value>340</value>
            </componentInstanceProperties>
            <componentName>opencti:softPhone</componentName>
        </componentInstances>
        <name>utilityItems</name>
        <type>Region</type>
    </flexiPageRegions>
    <flexiPageRegions>
        <name>backgroundComponents</name>
        <type>Background</type>
    </flexiPageRegions>
    <masterLabel>Visio Sales Lightning UtilityBar</masterLabel>
    <template>
        <name>one:utilityBarTemplateDesktop</name>
    </template>
    <type>UtilityBar</type>
</FlexiPage>
