<?xml version="1.0" encoding="UTF-8"?>
<AppMenu xmlns="http://soap.sforce.com/2006/04/metadata">
    <appMenuItems>
        <name>standard__Platform</name>
        <type>CustomApplication</type>
    </appMenuItems>
    <appMenuItems>
        <name>standard__Sales</name>
        <type>CustomApplication</type>
    </appMenuItems>
    <appMenuItems>
        <name>standard__Service</name>
        <type>CustomApplication</type>
    </appMenuItems>
    <appMenuItems>
        <name>standard__Marketing</name>
        <type>CustomApplication</type>
    </appMenuItems>
    <appMenuItems>
        <name>standard__Chatter</name>
        <type>CustomApplication</type>
    </appMenuItems>
    <appMenuItems>
        <name>standard__Community</name>
        <type>CustomApplication</type>
    </appMenuItems>
    <appMenuItems>
        <name>HubSpot_Inc__HubSpot_Sync</name>
        <type>CustomApplication</type>
    </appMenuItems>
    <appMenuItems>
        <name>Dataloader_Bulk</name>
        <type>ConnectedApp</type>
    </appMenuItems>
    <appMenuItems>
        <name>Dataloader_Partner</name>
        <type>ConnectedApp</type>
    </appMenuItems>
    <appMenuItems>
        <name>Forcecom_IDE</name>
        <type>ConnectedApp</type>
    </appMenuItems>
    <appMenuItems>
        <name>Forcecom_Migration_Tool</name>
        <type>ConnectedApp</type>
    </appMenuItems>
    <appMenuItems>
        <name>Salesforce_Mobile_Dashboards</name>
        <type>ConnectedApp</type>
    </appMenuItems>
    <appMenuItems>
        <name>Salesforce_Touch</name>
        <type>ConnectedApp</type>
    </appMenuItems>
    <appMenuItems>
        <name>Salesforce_for_Outlook</name>
        <type>ConnectedApp</type>
    </appMenuItems>
    <appMenuItems>
        <name>Workbench</name>
        <type>ConnectedApp</type>
    </appMenuItems>
    <appMenuItems>
        <name>Chatter_Desktop</name>
        <type>ConnectedApp</type>
    </appMenuItems>
    <appMenuItems>
        <name>Chatter_for_Android</name>
        <type>ConnectedApp</type>
    </appMenuItems>
    <appMenuItems>
        <name>Chatter_for_BlackBerry</name>
        <type>ConnectedApp</type>
    </appMenuItems>
    <appMenuItems>
        <name>Chatter_for_iOS</name>
        <type>ConnectedApp</type>
    </appMenuItems>
    <appMenuItems>
        <name>SalesforceA</name>
        <type>ConnectedApp</type>
    </appMenuItems>
    <appMenuItems>
        <name>Salesforce_Chatterbox</name>
        <type>ConnectedApp</type>
    </appMenuItems>
    <appMenuItems>
        <name>cloudconverter__Cloud_Converter</name>
        <type>CustomApplication</type>
    </appMenuItems>
    <appMenuItems>
        <name>dsfs__DocuSign_For_Salesforce</name>
        <type>CustomApplication</type>
    </appMenuItems>
    <appMenuItems>
        <name>Salesforce1_for_Windows</name>
        <type>ConnectedApp</type>
    </appMenuItems>
    <appMenuItems>
        <name>standard__ServiceConsole</name>
        <type>CustomApplication</type>
    </appMenuItems>
    <appMenuItems>
        <name>standard__LightningSalesConsole</name>
        <type>CustomApplication</type>
    </appMenuItems>
    <appMenuItems>
        <name>standard__LightningService</name>
        <type>CustomApplication</type>
    </appMenuItems>
    <appMenuItems>
        <name>SalesforceIQ</name>
        <type>ConnectedApp</type>
    </appMenuItems>
    <appMenuItems>
        <name>standard__LightningSales</name>
        <type>CustomApplication</type>
    </appMenuItems>
    <appMenuItems>
        <name>SFVOAAnalytics</name>
        <type>ConnectedApp</type>
    </appMenuItems>
    <appMenuItems>
        <name>footprint__Field_Footprint</name>
        <type>CustomApplication</type>
    </appMenuItems>
    <appMenuItems>
        <name>rcsfl__RingCentral</name>
        <type>CustomApplication</type>
    </appMenuItems>
    <appMenuItems>
        <name>Visio_Operations</name>
        <type>CustomApplication</type>
    </appMenuItems>
    <appMenuItems>
        <name>Visio_Sales</name>
        <type>CustomApplication</type>
    </appMenuItems>
    <appMenuItems>
        <name>HubSpot</name>
        <type>ConnectedApp</type>
    </appMenuItems>
    <appMenuItems>
        <name>Visio_Sales_Lightning</name>
        <type>CustomApplication</type>
    </appMenuItems>
    <appMenuItems>
        <name>standard__Content</name>
        <type>CustomApplication</type>
    </appMenuItems>
    <appMenuItems>
        <name>Visio_Operations_Lightning</name>
        <type>CustomApplication</type>
    </appMenuItems>
    <appMenuItems>
        <name>LEXMAGICMOVER__Attachments_and_Notes_migrator</name>
        <type>CustomApplication</type>
    </appMenuItems>
    <appMenuItems>
        <name>Zendesk__Zendesk_for_Salesforce</name>
        <type>CustomApplication</type>
    </appMenuItems>
    <appMenuItems>
        <name>Zendesk</name>
        <type>ConnectedApp</type>
    </appMenuItems>
    <appMenuItems>
        <name>amp_dev__Amplifinity</name>
        <type>CustomApplication</type>
    </appMenuItems>
    <appMenuItems>
        <name>Amp_Connector</name>
        <type>ConnectedApp</type>
    </appMenuItems>
    <appMenuItems>
        <name>Amplifinity_Control_Room</name>
        <type>ConnectedApp</type>
    </appMenuItems>
    <appMenuItems>
        <name>standard__SalesforceCMS</name>
        <type>CustomApplication</type>
    </appMenuItems>
    <appMenuItems>
        <name>Greenfield_API</name>
        <type>ConnectedApp</type>
    </appMenuItems>
    <appMenuItems>
        <name>Administration_Management</name>
        <type>CustomApplication</type>
    </appMenuItems>
    <appMenuItems>
        <name>DEVHUB_pyyclw8gbn2xzx6zcyoj</name>
        <type>ConnectedApp</type>
    </appMenuItems>
    <appMenuItems>
        <name>tdc_tsw__SMS360</name>
        <type>CustomApplication</type>
    </appMenuItems>
    <appMenuItems>
        <name>tdc_tsw__SMS360_Lightning</name>
        <type>CustomApplication</type>
    </appMenuItems>
    <appMenuItems>
        <name>Incoming_SMS_360</name>
        <type>ConnectedApp</type>
    </appMenuItems>
    <appMenuItems>
        <name>Visio_SFDX_CICD</name>
        <type>ConnectedApp</type>
    </appMenuItems>
    <appMenuItems>
        <name>VisioBrokers</name>
        <type>Network</type>
    </appMenuItems>
    <appMenuItems>
        <name>AFSC__F_Secure_Cloud_Protection</name>
        <type>CustomApplication</type>
    </appMenuItems>
    <appMenuItems>
        <name>AFSC__F_Secure_Cloud_Protection_Lightning</name>
        <type>CustomApplication</type>
    </appMenuItems>
    <appMenuItems>
        <name>External_Orders</name>
        <type>CustomApplication</type>
    </appMenuItems>
</AppMenu>
