<?xml version="1.0" encoding="UTF-8"?>
<ConnectedApp xmlns="http://soap.sforce.com/2006/04/metadata">
    <contactEmail>development@visiolending.com</contactEmail>
    <label>Greenfield API</label>
    <oauthConfig>
        <callbackUrl>http://localhost:8000/api/current-version/salesforce/callback</callbackUrl>
        <consumerKey>3MVG9Z8h6Bxz0zc4NWhTFhzYWdg88MSs5DD_qUHXFw4Ge0HJT_TWGDwL.UkEwzISJDv_ePFHFbIDOLTwcO6Wm</consumerKey>
        <isAdminApproved>false</isAdminApproved>
        <scopes>Full</scopes>
    </oauthConfig>
</ConnectedApp>
